{
  "properties": {
    "connectionReferences": {},
    "definition": {
      "$schema": "https://schema.management.azure.com/providers/Microsoft.Logic/schemas/2016-06-01/workflowdefinition.json#",
      "contentVersion": "1.0.0.0",
      "parameters": {
        "$authentication": {
          "defaultValue": {},
          "type": "SecureObject"
        }
      },
      "triggers": {
        "Recurrence": {
          "recurrence": {
            "frequency": "Day",
            "interval": 1,
            "startTime": "2022-09-05T18:00:00Z"
          },
          "metadata": {
            "operationMetadataId": "726f33a1-da7e-4e3c-9305-8d98629afd9d"
          },
          "type": "Recurrence"
        }
      },
      "actions": {
        "Child_Flow_-_Milesones": {
          "runAfter": {},
          "metadata": {
            "operationMetadataId": "97b3de70-3dba-48f9-a19d-ed9833d45873"
          },
          "type": "Workflow",
          "inputs": {
            "host": {
              "workflowReferenceName": "1fbeff73-232d-ed11-9db1-0022481dae3d"
            },
            "body": {
              "number": 6
            }
          }
        },
        "Child_Flow_-_Outcomes": {
          "runAfter": {
            "Child_Flow_-_Milesones": [
              "Succeeded"
            ]
          },
          "metadata": {
            "operationMetadataId": "43ee5a71-847b-4ba4-9555-6c84f7c003a7"
          },
          "type": "Workflow",
          "inputs": {
            "host": {
              "workflowReferenceName": "dace5e42-212d-ed11-9db1-0022481dae3d"
            },
            "body": {
              "number": 6
            }
          }
        },
        "Child_Flow_-_Projects": {
          "runAfter": {
            "Child_Flow_-_Outcomes": [
              "Succeeded"
            ]
          },
          "metadata": {
            "operationMetadataId": "19a9aa49-769e-4a3b-afbd-6930f174a44b"
          },
          "type": "Workflow",
          "inputs": {
            "host": {
              "workflowReferenceName": "5cd17c20-252d-ed11-9db1-0022481dae3d"
            }
          }
        }
      }
    }
  },
  "schemaVersion": "1.0.0.0"
}