<botcomponent_botcomponentset>
  <botcomponent_botcomponent botcomponentidone.schemaname="new_topic_05299a0ce5d3487d9060bda8f34c6979" botcomponentidtwo.schemaname="new_topic_f129cb83826d4485977aee9c4b452a26_aeabea4d071f415c8c107e1cb7af5424_assumedsuccess">
    <iscustomizable>1</iscustomizable>
  </botcomponent_botcomponent>
  <botcomponent_botcomponent botcomponentidone.schemaname="new_topic_575ebd2cd93f4151b8274ff11b8e0a61" botcomponentidtwo.schemaname="new_customtype_b1d190074e354c49bc9cbd26bb0c058c">
    <iscustomizable>1</iscustomizable>
  </botcomponent_botcomponent>
  <botcomponent_botcomponent botcomponentidone.schemaname="new_topic_575ebd2cd93f4151b8274ff11b8e0a61" botcomponentidtwo.schemaname="new_topic_f129cb83826d4485977aee9c4b452a26_d2198a5ee41a48a5bf70ab8970145a9f_confirmedfailure">
    <iscustomizable>1</iscustomizable>
  </botcomponent_botcomponent>
  <botcomponent_botcomponent botcomponentidone.schemaname="new_topic_575ebd2cd93f4151b8274ff11b8e0a61" botcomponentidtwo.schemaname="new_topic_f129cb83826d4485977aee9c4b452a26_db1f76b081dc43389df9dd2df7518737_confirmedsuccess">
    <iscustomizable>1</iscustomizable>
  </botcomponent_botcomponent>
  <botcomponent_botcomponent botcomponentidone.schemaname="new_topic_5cc3b3a36c1b45a7bdfd9be76e4df83f" botcomponentidtwo.schemaname="new_topic_f129cb83826d4485977aee9c4b452a26_aeabea4d071f415c8c107e1cb7af5424_assumedsuccess">
    <iscustomizable>1</iscustomizable>
  </botcomponent_botcomponent>
  <botcomponent_botcomponent botcomponentidone.schemaname="new_topic_f129cb83826d4485977aee9c4b452a26_8a4964498f83424bb3a86295bf7d0952_startover" botcomponentidtwo.schemaname="new_topic_f129cb83826d4485977aee9c4b452a26_ba7b967c97ba4c39bca58a8bb6a72d59_conversationstart">
    <iscustomizable>1</iscustomizable>
  </botcomponent_botcomponent>
  <botcomponent_botcomponent botcomponentidone.schemaname="new_topic_f129cb83826d4485977aee9c4b452a26_aeabea4d071f415c8c107e1cb7af5424_assumedsuccess" botcomponentidtwo.schemaname="new_topic_f129cb83826d4485977aee9c4b452a26_d2198a5ee41a48a5bf70ab8970145a9f_confirmedfailure">
    <iscustomizable>1</iscustomizable>
  </botcomponent_botcomponent>
  <botcomponent_botcomponent botcomponentidone.schemaname="new_topic_f129cb83826d4485977aee9c4b452a26_aeabea4d071f415c8c107e1cb7af5424_assumedsuccess" botcomponentidtwo.schemaname="new_topic_f129cb83826d4485977aee9c4b452a26_db1f76b081dc43389df9dd2df7518737_confirmedsuccess">
    <iscustomizable>1</iscustomizable>
  </botcomponent_botcomponent>
  <botcomponent_botcomponent botcomponentidone.schemaname="new_topic_f129cb83826d4485977aee9c4b452a26_ba7b967c97ba4c39bca58a8bb6a72d59_conversationstart" botcomponentidtwo.schemaname="new_customtype_c09c93238b934610b4894b6e86cb812d">
    <iscustomizable>1</iscustomizable>
  </botcomponent_botcomponent>
  <botcomponent_botcomponent botcomponentidone.schemaname="new_topic_f129cb83826d4485977aee9c4b452a26_ba7b967c97ba4c39bca58a8bb6a72d59_conversationstart" botcomponentidtwo.schemaname="new_topic_05299a0ce5d3487d9060bda8f34c6979">
    <iscustomizable>1</iscustomizable>
  </botcomponent_botcomponent>
  <botcomponent_botcomponent botcomponentidone.schemaname="new_topic_f129cb83826d4485977aee9c4b452a26_ba7b967c97ba4c39bca58a8bb6a72d59_conversationstart" botcomponentidtwo.schemaname="new_topic_575ebd2cd93f4151b8274ff11b8e0a61">
    <iscustomizable>1</iscustomizable>
  </botcomponent_botcomponent>
  <botcomponent_botcomponent botcomponentidone.schemaname="new_topic_f129cb83826d4485977aee9c4b452a26_ba7b967c97ba4c39bca58a8bb6a72d59_conversationstart" botcomponentidtwo.schemaname="new_topic_5cc3b3a36c1b45a7bdfd9be76e4df83f">
    <iscustomizable>1</iscustomizable>
  </botcomponent_botcomponent>
  <botcomponent_botcomponent botcomponentidone.schemaname="new_topic_f129cb83826d4485977aee9c4b452a26_ba7b967c97ba4c39bca58a8bb6a72d59_conversationstart" botcomponentidtwo.schemaname="new_topic_f129cb83826d4485977aee9c4b452a26_d2198a5ee41a48a5bf70ab8970145a9f_confirmedfailure">
    <iscustomizable>1</iscustomizable>
  </botcomponent_botcomponent>
  <botcomponent_botcomponent botcomponentidone.schemaname="new_topic_f129cb83826d4485977aee9c4b452a26_d2198a5ee41a48a5bf70ab8970145a9f_confirmedfailure" botcomponentidtwo.schemaname="new_topic_f129cb83826d4485977aee9c4b452a26_954135cafcd647eaae5999ad91fc08cf_talktoagent">
    <iscustomizable>1</iscustomizable>
  </botcomponent_botcomponent>
  <botcomponent_botcomponent botcomponentidone.schemaname="new_topic_f129cb83826d4485977aee9c4b452a26_db1f76b081dc43389df9dd2df7518737_confirmedsuccess" botcomponentidtwo.schemaname="new_customtype_f129cb83826d4485977aee9c4b452a26_92610204747047ac8f788f7eecd91118">
    <iscustomizable>1</iscustomizable>
  </botcomponent_botcomponent>
  <botcomponent_botcomponent botcomponentidone.schemaname="new_topic_f129cb83826d4485977aee9c4b452a26_db1f76b081dc43389df9dd2df7518737_confirmedsuccess" botcomponentidtwo.schemaname="new_topic_f129cb83826d4485977aee9c4b452a26_f56d1a3e522740c78f9fac0939332dbd_goodbye">
    <iscustomizable>1</iscustomizable>
  </botcomponent_botcomponent>
  <botcomponent_botcomponent botcomponentidone.schemaname="new_topic_f1d464ff2cef4b38ae927594b92aed26_7620a288bb3e455984cace1ade5e259c_fallback" botcomponentidtwo.schemaname="new_topic_f129cb83826d4485977aee9c4b452a26_d2198a5ee41a48a5bf70ab8970145a9f_confirmedfailure">
    <iscustomizable>1</iscustomizable>
  </botcomponent_botcomponent>
</botcomponent_botcomponentset>