<ImportExportXml version="9.2.24113.210" SolutionPackageVersion="9.2" languagecode="1033" generatedBy="CrmLive" xmlns:xsi="http://www.w3.org/2001/XMLSchema-instance" OrganizationVersion="9.2.24113.210" OrganizationSchemaType="Standard" CRMServerServiceabilityVersion="9.2.24113.00218">
  <SolutionManifest>
    <UniqueName>FabrikamEnvironmental</UniqueName>
    <LocalizedNames>
      <LocalizedName description="Fabrikam Environmental" languagecode="1033" />
    </LocalizedNames>
    <Descriptions />
    <Version>1.1.11.22</Version>
    <Managed>0</Managed>
    <Publisher>
      <UniqueName>contoso</UniqueName>
      <LocalizedNames>
        <LocalizedName description="Contoso" languagecode="1033" />
      </LocalizedNames>
      <Descriptions />
      <EMailAddress xsi:nil="true"></EMailAddress>
      <SupportingWebsiteUrl xsi:nil="true"></SupportingWebsiteUrl>
      <CustomizationPrefix>contoso</CustomizationPrefix>
      <CustomizationOptionValuePrefix>33065</CustomizationOptionValuePrefix>
      <Addresses>
        <Address>
          <AddressNumber>1</AddressNumber>
          <AddressTypeCode>1</AddressTypeCode>
          <City xsi:nil="true"></City>
          <County xsi:nil="true"></County>
          <Country xsi:nil="true"></Country>
          <Fax xsi:nil="true"></Fax>
          <FreightTermsCode xsi:nil="true"></FreightTermsCode>
          <ImportSequenceNumber xsi:nil="true"></ImportSequenceNumber>
          <Latitude xsi:nil="true"></Latitude>
          <Line1 xsi:nil="true"></Line1>
          <Line2 xsi:nil="true"></Line2>
          <Line3 xsi:nil="true"></Line3>
          <Longitude xsi:nil="true"></Longitude>
          <Name xsi:nil="true"></Name>
          <PostalCode xsi:nil="true"></PostalCode>
          <PostOfficeBox xsi:nil="true"></PostOfficeBox>
          <PrimaryContactName xsi:nil="true"></PrimaryContactName>
          <ShippingMethodCode>1</ShippingMethodCode>
          <StateOrProvince xsi:nil="true"></StateOrProvince>
          <Telephone1 xsi:nil="true"></Telephone1>
          <Telephone2 xsi:nil="true"></Telephone2>
          <Telephone3 xsi:nil="true"></Telephone3>
          <TimeZoneRuleVersionNumber xsi:nil="true"></TimeZoneRuleVersionNumber>
          <UPSZone xsi:nil="true"></UPSZone>
          <UTCOffset xsi:nil="true"></UTCOffset>
          <UTCConversionTimeZoneCode xsi:nil="true"></UTCConversionTimeZoneCode>
        </Address>
        <Address>
          <AddressNumber>2</AddressNumber>
          <AddressTypeCode>1</AddressTypeCode>
          <City xsi:nil="true"></City>
          <County xsi:nil="true"></County>
          <Country xsi:nil="true"></Country>
          <Fax xsi:nil="true"></Fax>
          <FreightTermsCode xsi:nil="true"></FreightTermsCode>
          <ImportSequenceNumber xsi:nil="true"></ImportSequenceNumber>
          <Latitude xsi:nil="true"></Latitude>
          <Line1 xsi:nil="true"></Line1>
          <Line2 xsi:nil="true"></Line2>
          <Line3 xsi:nil="true"></Line3>
          <Longitude xsi:nil="true"></Longitude>
          <Name xsi:nil="true"></Name>
          <PostalCode xsi:nil="true"></PostalCode>
          <PostOfficeBox xsi:nil="true"></PostOfficeBox>
          <PrimaryContactName xsi:nil="true"></PrimaryContactName>
          <ShippingMethodCode>1</ShippingMethodCode>
          <StateOrProvince xsi:nil="true"></StateOrProvince>
          <Telephone1 xsi:nil="true"></Telephone1>
          <Telephone2 xsi:nil="true"></Telephone2>
          <Telephone3 xsi:nil="true"></Telephone3>
          <TimeZoneRuleVersionNumber xsi:nil="true"></TimeZoneRuleVersionNumber>
          <UPSZone xsi:nil="true"></UPSZone>
          <UTCOffset xsi:nil="true"></UTCOffset>
          <UTCConversionTimeZoneCode xsi:nil="true"></UTCConversionTimeZoneCode>
        </Address>
      </Addresses>
    </Publisher>
    <RootComponents>
      <RootComponent type="1" schemaName="account" behavior="2" />
      <RootComponent type="1" schemaName="contact" behavior="2" />
      <RootComponent type="1" schemaName="contoso_milestone" behavior="0" />
      <RootComponent type="1" schemaName="contoso_outcome" behavior="0" />
      <RootComponent type="1" schemaName="contoso_outcomelifecycle" behavior="0" />
      <RootComponent type="1" schemaName="contoso_program" behavior="0" />
      <RootComponent type="1" schemaName="contoso_project" behavior="0" />
      <RootComponent type="1" schemaName="contoso_projectfunding" behavior="0" />
      <RootComponent type="1" schemaName="contoso_projectoutcome" behavior="0" />
      <RootComponent type="1" schemaName="contoso_projectresource" behavior="0" />
      <RootComponent type="1" schemaName="contoso_projecttype" behavior="0" />
      <RootComponent type="1" schemaName="contoso_region" behavior="0" />
      <RootComponent type="1" schemaName="contoso_resource" behavior="0" />
      <RootComponent type="1" schemaName="systemuser" behavior="2" />
      <RootComponent type="1" schemaName="task" behavior="2" />
      <RootComponent type="9" schemaName="contoso_environmentalstatus" behavior="0" />
      <RootComponent type="9" schemaName="contoso_projectrole" behavior="0" />
      <RootComponent type="9" schemaName="contoso_projectstatus" behavior="0" />
      <RootComponent type="9" schemaName="contoso_resourcetype" behavior="0" />
      <RootComponent type="9" schemaName="contoso_targetaim" behavior="0" />
      <RootComponent type="20" id="{403319c3-bb2a-ed11-9db1-002248274563}" behavior="0" />
      <RootComponent type="20" id="{89f628bc-bb2a-ed11-9db1-002248274563}" behavior="0" />
      <RootComponent type="20" id="{ab2923a6-bb2a-ed11-9db1-002248274563}" behavior="0" />
      <RootComponent type="29" id="{1f46ec62-b82a-ed11-9db1-002248274563}" behavior="0" />
      <RootComponent type="29" id="{1fbeff73-232d-ed11-9db1-0022481dae3d}" behavior="0" />
      <RootComponent type="29" id="{223bfdee-b32a-ed11-9db1-002248274563}" behavior="0" />
      <RootComponent type="29" id="{36331fb9-c02a-ed11-9db1-002248274563}" behavior="0" />
      <RootComponent type="29" id="{367084fc-d52a-ed11-9db1-002248274563}" behavior="0" />
      <RootComponent type="29" id="{5cd17c20-252d-ed11-9db1-0022481dae3d}" behavior="0" />
      <RootComponent type="29" id="{a7e8150c-c02a-ed11-9db1-002248274563}" behavior="0" />
      <RootComponent type="29" id="{b1626749-052b-ed11-9db1-002248274563}" behavior="0" />
      <RootComponent type="29" id="{ca90c2df-062b-ed11-9db1-002248274563}" behavior="0" />
      <RootComponent type="29" id="{cf65a37d-062b-ed11-9db1-002248274563}" behavior="0" />
      <RootComponent type="29" id="{cfd4bd6a-b42a-ed11-9db1-002248274563}" behavior="0" />
      <RootComponent type="29" id="{dace5e42-212d-ed11-9db1-0022481dae3d}" behavior="0" />
      <RootComponent type="29" id="{e9d7c2ea-062d-ed11-9db1-0022481dae3d}" behavior="0" />
      <RootComponent type="29" id="{eec28428-072b-ed11-9db1-002248274563}" behavior="0" />
      <RootComponent type="60" id="{dddc2190-da2a-ed11-9db1-002248274563}" behavior="0" />
      <RootComponent type="62" schemaName="contoso_EnvironmentalAdministrator" behavior="0" />
      <RootComponent type="62" schemaName="contoso_EnvironmentalManagement" behavior="0" />
      <RootComponent type="62" schemaName="contoso_EnvironmentalProjectDelivery" behavior="0" />
      <RootComponent type="63" id="{07dd3ba9-71d2-ef11-8eea-000d3a3ae1bd}" behavior="0" />
      <RootComponent type="63" id="{16dbd24f-71d2-ef11-8eea-000d3a3ae1bd}" behavior="0" />
      <RootComponent type="63" id="{1d516fba-70d2-ef11-8eea-000d3a3ae1bd}" behavior="0" />
      <RootComponent type="70" id="{526469a3-db2a-ed11-9db1-002248274563}" behavior="0" />
      <RootComponent type="70" id="{d92e819b-db2a-ed11-9db1-002248274563}" behavior="0" />
      <RootComponent type="80" schemaName="contoso_EnvironmentalAdministrator" behavior="0" />
      <RootComponent type="80" schemaName="contoso_EnvironmentalManagement" behavior="0" />
      <RootComponent type="80" schemaName="contoso_EnvironmentalProjectDelivery" behavior="0" />
      <RootComponent type="300" schemaName="contoso_environmentalworkdelivery_39672" behavior="0" />
    </RootComponents>
    <MissingDependencies>
      <MissingDependency>
        <Required type="61" schemaName="msdyn_/Images/AppModule_Default_Icon.png" displayName="msdyn_/Images/AppModule_Default_Icon.png" solution="AppModuleWebResources (2.5)">
          <package appName="AppModule Web Resources Package" version="2.5">AppModuleWebResources (2.5)</package>
        </Required>
        <Dependent type="80" schemaName="contoso_EnvironmentalAdministrator" displayName="Environmental Administration" />
      </MissingDependency>
      <MissingDependency>
        <Required type="61" schemaName="msdyn_/Images/AppModule_Default_Icon.png" displayName="msdyn_/Images/AppModule_Default_Icon.png" solution="AppModuleWebResources (2.5)">
          <package appName="AppModule Web Resources Package" version="2.5">AppModuleWebResources (2.5)</package>
        </Required>
        <Dependent type="80" schemaName="contoso_EnvironmentalManagement" displayName="Environmental Management" />
      </MissingDependency>
      <MissingDependency>
        <Required type="61" schemaName="msdyn_/Images/AppModule_Default_Icon.png" displayName="msdyn_/Images/AppModule_Default_Icon.png" solution="AppModuleWebResources (2.5)">
          <package appName="AppModule Web Resources Package" version="2.5">AppModuleWebResources (2.5)</package>
        </Required>
        <Dependent type="80" schemaName="contoso_EnvironmentalProjectDelivery" displayName="Environmental Project Delivery" />
      </MissingDependency>
      <MissingDependency>
        <Required type="66" schemaName="MscrmControls.CardFeedContainer.CardFeedContainer" displayName="MscrmControls.CardFeedContainer.CardFeedContainer" solution="BaseCustomControlsCore (9.0.2411.3024)">
          <package appName="Base Custom Controls" version="9.0.2411.3024">BaseCustomControlsCore (9.0.2411.3024)</package>
        </Required>
        <Dependent type="60" displayName="Account main form for Environmental" parentDisplayName="Account" id="{124c3a0d-d42a-ed11-9db1-002248274563}" />
      </MissingDependency>
      <MissingDependency>
        <Required type="66" schemaName="MscrmControls.Grid.GridControl" displayName="MscrmControls.Grid.GridControl" solution="BaseCustomControlsCore (9.0.2411.3024)">
          <package appName="Base Custom Controls" version="9.0.2411.3024">BaseCustomControlsCore (9.0.2411.3024)</package>
        </Required>
        <Dependent type="60" displayName="Information" parentDisplayName="Project" id="{844e8dc0-05b2-4686-aa5a-fcdb38dd14e0}" />
      </MissingDependency>
      <MissingDependency>
        <Required type="SettingDefinition" displayName="AllowNotificationsEarlyAccess" solution="AppNotifications (10.0.0.16)" id.uniquename="AllowNotificationsEarlyAccess">
          <package appName="PowerAppsUnifiedClientExtensionApp Package" version="1.0.0.62">msft_PowerAppsUnifiedClientInfraExtensions (1.0.0.62)</package>
        </Required>
        <Dependent type="AppSetting" displayName="parentappmoduleid.uniquename=contoso_EnvironmentalProjectDelivery,settingdefinitionid.uniquename=AllowNotificationsEarlyAccess" id.parentappmoduleid.uniquename="contoso_EnvironmentalProjectDelivery" id.settingdefinitionid.uniquename="AllowNotificationsEarlyAccess" />
      </MissingDependency>
      <MissingDependency>
        <Required type="SettingDefinition" displayName="EnablePowerBIQuickReport" solution="SettingDefinitionsData (9.2.2409.2409161)" id.uniquename="EnablePowerBIQuickReport">
          <package appName="AppModule" version="9.2.2409.2409161">AppModuleSolutionAnchor (9.2.2409.2409161)</package>
        </Required>
        <Dependent type="AppSetting" displayName="parentappmoduleid.uniquename=contoso_EnvironmentalProjectDelivery,settingdefinitionid.uniquename=EnablePowerBIQuickReport" id.parentappmoduleid.uniquename="contoso_EnvironmentalProjectDelivery" id.settingdefinitionid.uniquename="EnablePowerBIQuickReport" />
      </MissingDependency>
    </MissingDependencies>
  </SolutionManifest>
</ImportExportXml>