<appaction uniquename="contoso__Complete!2c455c3e20dd46c3bd7af345f03dbd09!contoso_EnvironmentalProjectDelivery!contoso_projectoutcome!0">
  <appmoduleid>
    <uniquename>contoso_EnvironmentalProjectDelivery</uniquename>
  </appmoduleid>
  <buttonlabeltext default="Complete">
    <label description="Complete" languagecode="1033" />
  </buttonlabeltext>
  <buttontooltipdescription default="Set Outcome completed date">
    <label description="Set Outcome completed date" languagecode="1033" />
  </buttontooltipdescription>
  <buttontooltiptitle default="Project Outcome Complete">
    <label description="Project Outcome Complete" languagecode="1033" />
  </buttontooltiptitle>
  <context>1</context>
  <contextentity>
    <logicalname>contoso_projectoutcome</logicalname>
  </contextentity>
  <contextvalue>contoso_projectoutcome</contextvalue>
  <fonticon>$clientsvg:Accept</fonticon>
  <hidden>0</hidden>
  <iscustomizable>1</iscustomizable>
  <isdisabled>0</isdisabled>
  <isgrouptitlehidden>0</isgrouptitlehidden>
  <location>0</location>
  <name>Complete!2c455c3e20dd46c3bd7af345f03dbd09</name>
  <onclickeventformulacomponentlibraryid>
    <name>contoso_environmentalprojectdeliverydefaultcommandlibrary_1cc54</name>
  </onclickeventformulacomponentlibraryid>
  <onclickeventformulacomponentname>3835b6946a86443395fb5c92cb847a2a</onclickeventformulacomponentname>
  <onclickeventformulafunctionname>OnSelect</onclickeventformulafunctionname>
  <onclickeventtype>1</onclickeventtype>
  <origin>0</origin>
  <sequence>100100015.0000000000</sequence>
  <statecode>0</statecode>
  <statuscode>1</statuscode>
  <type>0</type>
  <visibilitytype>0</visibilitytype>
</appaction>