<environmentvariabledefinition schemaname="contoso_outcomeformlink">
  <defaultvalue>https://org84b72dc9.crm.dynamics.com/main.aspx?pagetype=entityrecord&amp;etn=contoso_outcome&amp;id=</defaultvalue>
  <displayname default="Outcome form link">
    <label description="Outcome form link" languagecode="1033" />
  </displayname>
  <introducedversion>1.1.11.3</introducedversion>
  <iscustomizable>1</iscustomizable>
  <isrequired>0</isrequired>
  <secretstore>0</secretstore>
  <type>100000000</type>
</environmentvariabledefinition>