{
  "properties": {
    "connectionReferences": {
      "shared_commondataserviceforapps": {
        "runtimeSource": "embedded",
        "connection": {
          "connectionReferenceLogicalName": "contoso_sharedcommondataserviceforapps_05f4c"
        },
        "api": {
          "name": "shared_commondataserviceforapps"
        }
      }
    },
    "definition": {
      "$schema": "https://schema.management.azure.com/providers/Microsoft.Logic/schemas/2016-06-01/workflowdefinition.json#",
      "contentVersion": "1.0.0.0",
      "parameters": {
        "$connections": {
          "defaultValue": {},
          "type": "Object"
        },
        "$authentication": {
          "defaultValue": {},
          "type": "SecureObject"
        }
      },
      "triggers": {
        "manual": {
          "metadata": {
            "operationMetadataId": "240b539c-ccd1-417e-9b33-558cfc115f41"
          },
          "type": "Request",
          "kind": "VirtualAgent",
          "inputs": {
            "schema": {
              "type": "object",
              "properties": {},
              "required": []
            }
          }
        }
      },
      "actions": {
        "Projects": {
          "runAfter": {
            "Initialize_variable": [
              "Succeeded"
            ]
          },
          "metadata": {
            "operationMetadataId": "8f9ad3a1-0371-437a-a514-ae3498b9b0a8"
          },
          "type": "OpenApiConnection",
          "inputs": {
            "host": {
              "connectionName": "shared_commondataserviceforapps",
              "operationId": "ListRecords",
              "apiId": "/providers/Microsoft.PowerApps/apis/shared_commondataserviceforapps"
            },
            "parameters": {
              "entityName": "contoso_projects",
              "$select": "contoso_projecttitle",
              "$filter": "(_contoso_projecttypeid_value eq 9cd68a3c-bb2a-ed11-9db1-002248274563)"
            },
            "authentication": "@parameters('$authentication')"
          }
        },
        "Parse_JSON": {
          "runAfter": {
            "Projects": [
              "Succeeded"
            ]
          },
          "metadata": {
            "operationMetadataId": "7b4fb2c4-4685-4e57-a67d-2acb18e80b9c"
          },
          "type": "ParseJson",
          "inputs": {
            "content": "@outputs('Projects')?['body/value']",
            "schema": {
              "type": "array",
              "items": {
                "type": "object",
                "properties": {
                  "@@odata.type": {
                    "type": "string"
                  },
                  "@@odata.id": {
                    "type": "string"
                  },
                  "@@odata.etag": {
                    "type": "string"
                  },
                  "@@odata.editLink": {
                    "type": "string"
                  },
                  "contoso_projecttitle": {
                    "type": "string"
                  },
                  "contoso_projectid@odata.type": {
                    "type": "string"
                  },
                  "contoso_projectid": {
                    "type": "string"
                  }
                },
                "required": [
                  "@@odata.type",
                  "@@odata.id",
                  "@@odata.etag",
                  "@@odata.editLink",
                  "contoso_projecttitle",
                  "contoso_projectid@odata.type",
                  "contoso_projectid"
                ]
              }
            }
          }
        },
        "Initialize_variable": {
          "runAfter": {},
          "metadata": {
            "operationMetadataId": "7a8d3ef2-8c56-4bd3-b2b5-c1e499512239"
          },
          "type": "InitializeVariable",
          "inputs": {
            "variables": [
              {
                "name": "ListofProjects",
                "type": "string"
              }
            ]
          }
        },
        "Apply_to_each": {
          "foreach": "@body('Parse_JSON')",
          "actions": {
            "Append_to_string_variable": {
              "runAfter": {},
              "metadata": {
                "operationMetadataId": "5dbbe889-f037-44c2-91d8-cc6d9241ec66"
              },
              "type": "AppendToStringVariable",
              "inputs": {
                "name": "ListofProjects",
                "value": "- @{items('Apply_to_each')['contoso_projecttitle']}\n"
              }
            }
          },
          "runAfter": {
            "Parse_JSON": [
              "Succeeded"
            ]
          },
          "metadata": {
            "operationMetadataId": "aacb0c00-8aa5-40ce-9b15-553935b972a1"
          },
          "type": "Foreach"
        },
        "Return_value(s)_to_Power_Virtual_Agents": {
          "runAfter": {
            "Apply_to_each": [
              "Succeeded"
            ]
          },
          "metadata": {
            "operationMetadataId": "d19bd71e-3cfd-4aef-897f-19c117421d64"
          },
          "type": "Response",
          "kind": "VirtualAgent",
          "inputs": {
            "statusCode": 200,
            "body": {
              "projects": "@variables('ListofProjects')"
            },
            "schema": {
              "type": "object",
              "properties": {
                "projects": {
                  "title": "Projects",
                  "x-ms-dynamically-added": true,
                  "type": "string"
                }
              }
            }
          }
        }
      }
    }
  },
  "schemaVersion": "1.0.0.0"
}