<appaction uniquename="contoso__Complete!bcf28ea9008a4c74ad16e75e0063be76!contoso_EnvironmentalProjectDelivery!contoso_projectoutcome!0">
  <appmoduleid>
    <uniquename>contoso_EnvironmentalProjectDelivery</uniquename>
  </appmoduleid>
  <buttonlabeltext default="Complete">
    <label description="Complete" languagecode="1033" />
  </buttonlabeltext>
  <buttontooltipdescription default="Set Outcome completed date">
    <label description="Set Outcome completed date" languagecode="1033" />
  </buttontooltipdescription>
  <buttontooltiptitle default="Project Outcome complete">
    <label description="Project Outcome complete" languagecode="1033" />
  </buttontooltiptitle>
  <context>1</context>
  <contextentity>
    <logicalname>contoso_projectoutcome</logicalname>
  </contextentity>
  <contextvalue>contoso_projectoutcome</contextvalue>
  <fonticon>$clientsvg:Accept</fonticon>
  <hidden>0</hidden>
  <iscustomizable>1</iscustomizable>
  <isdisabled>0</isdisabled>
  <isgrouptitlehidden>0</isgrouptitlehidden>
  <location>0</location>
  <name>Complete!bcf28ea9008a4c74ad16e75e0063be76</name>
  <onclickeventformulacomponentlibraryid>
    <name>contoso_environmentalprojectdeliverydefaultcommandlibrary_f6b0a</name>
  </onclickeventformulacomponentlibraryid>
  <onclickeventformulacomponentname>7353b7dffce5404e84fa770d36377316</onclickeventformulacomponentname>
  <onclickeventformulafunctionname>OnSelect</onclickeventformulafunctionname>
  <onclickeventtype>1</onclickeventtype>
  <origin>0</origin>
  <sequence>100100015.0000000000</sequence>
  <statecode>0</statecode>
  <statuscode>1</statuscode>
  <type>0</type>
  <visibilitytype>0</visibilitytype>
</appaction>