{
  "intents": [
    {
      "systemIntentTypes": [
        "Fallback"
      ],
      "intentType": "System",
      "dialogId": "new_topic_f1d464ff2cef4b38ae927594b92aed26_7620a288bb3e455984cace1ade5e259c_fallback",
      "isTriggeringEnabled": true,
      "id": "new_topic_f1d464ff2cef4b38ae927594b92aed26_7620a288bb3e455984cace1ade5e259c_fallback",
      "displayName": "Fallback",
      "description": "System topic that includes content and behavior for when the bot can't determine the user's intent. Also includes the variable UnrecognizedTriggerPhrase to capture the unrecognized input.",
      "createdTime": "2020-02-07T00:00:00Z",
      "updatedTime": "2022-09-07T13:32:56.3254845Z",
      "createdUserId": "user0",
      "updatedUserId": "24c0ac71-1934-4161-ab26-eb2dd3af3f56"
    }
  ],
  "dialogs": [
    {
      "rootNodeId": "5d90057f-e569-4f54-afda-bf5d04365cb0",
      "dialogType": "System",
      "messageNodes": [
        {
          "botMessageId": "8aa457c4-a0e0-4247-88d0-d89fcd3c26e9",
          "nodeType": "BotMessageNode",
          "id": "5d90057f-e569-4f54-afda-bf5d04365cb0",
          "defaultTargetNodeId": "79e8bf26-2ef3-4469-bfae-20821c965986"
        }
      ],
      "dialogChangeNodes": [
        {
          "targetDialogId": "new_topic_f129cb83826d4485977aee9c4b452a26_d2198a5ee41a48a5bf70ab8970145a9f_confirmedfailure",
          "nodeType": "DialogChangeNode",
          "id": "79e8bf26-2ef3-4469-bfae-20821c965986"
        }
      ],
      "id": "new_topic_f1d464ff2cef4b38ae927594b92aed26_7620a288bb3e455984cace1ade5e259c_fallback",
      "displayName": "Fallback",
      "createdTime": "2020-02-07T00:00:00Z",
      "updatedTime": "2022-09-07T13:32:56.3254845Z",
      "createdUserId": "user0",
      "updatedUserId": "24c0ac71-1934-4161-ab26-eb2dd3af3f56"
    }
  ],
  "botMessages": [
    {
      "channelContent": {
        "web": {
          "contentFormat": "Markdown",
          "content": "I'm sorry I didn't understand {new\\_variable\\_f1d464ff2cef4b38ae927594b92aed26\\_340aefff448e492eac88d718fbdf56ac}"
        }
      },
      "id": "8aa457c4-a0e0-4247-88d0-d89fcd3c26e9",
      "createdTime": "2020-02-07T00:00:00Z",
      "updatedTime": "2020-02-07T00:00:00Z",
      "createdUserId": "user0",
      "updatedUserId": "user0"
    }
  ]
}