{
  "properties": {
    "connectionReferences": {
      "shared_commondataserviceforapps": {
        "runtimeSource": "embedded",
        "connection": {
          "connectionReferenceLogicalName": "contoso_sharedcommondataserviceforapps_05f4c"
        },
        "api": {
          "name": "shared_commondataserviceforapps"
        }
      }
    },
    "definition": {
      "$schema": "https://schema.management.azure.com/providers/Microsoft.Logic/schemas/2016-06-01/workflowdefinition.json#",
      "contentVersion": "1.0.0.0",
      "parameters": {
        "$connections": {
          "defaultValue": {},
          "type": "Object"
        },
        "$authentication": {
          "defaultValue": {},
          "type": "SecureObject"
        }
      },
      "triggers": {
        "manual": {
          "metadata": {
            "operationMetadataId": "b3c19eaf-30e2-46f0-b167-2dfbdf01cede"
          },
          "type": "Request",
          "kind": "Button",
          "inputs": {
            "schema": {
              "type": "object",
              "properties": {},
              "required": []
            }
          }
        }
      },
      "actions": {
        "Projects_started_but_not_in_progress": {
          "runAfter": {},
          "metadata": {
            "operationMetadataId": "cf4f5930-eb82-47d2-bed0-cb1893c624b3"
          },
          "type": "OpenApiConnection",
          "inputs": {
            "host": {
              "connectionName": "shared_commondataserviceforapps",
              "operationId": "ListRecords",
              "apiId": "/providers/Microsoft.PowerApps/apis/shared_commondataserviceforapps"
            },
            "parameters": {
              "entityName": "contoso_projects",
              "fetchXml": "<fetch version=\"1.0\" output-format=\"xml-platform\" mapping=\"logical\" distinct=\"false\">\n  <entity name=\"contoso_project\">\n    <attribute name=\"contoso_projectid\" />\n    <filter type=\"and\">\n      <condition attribute=\"statecode\" operator=\"eq\" value=\"0\" />\n      <condition attribute=\"contoso_projectstatus\" operator=\"eq\" value=\"330650000\" />\n      <condition attribute=\"contoso_actualstartdate\" operator=\"last-x-days\" value=\"100\" />\n    </filter>\n  </entity>\n</fetch>"
            },
            "authentication": {
              "type": "Raw",
              "value": "@json(decodeBase64(triggerOutputs().headers['X-MS-APIM-Tokens']))['$ConnectionKey']"
            }
          },
          "description": "Projects that have started and are still at planning status"
        },
        "Loop_1": {
          "foreach": "@outputs('Projects_started_but_not_in_progress')?['body/value']",
          "actions": {
            "Set_Project_to_In_Progress": {
              "runAfter": {},
              "metadata": {
                "operationMetadataId": "8fff3285-81d7-4bdb-aa97-00f2cda29ae3"
              },
              "type": "OpenApiConnection",
              "inputs": {
                "host": {
                  "connectionName": "shared_commondataserviceforapps",
                  "operationId": "UpdateRecord",
                  "apiId": "/providers/Microsoft.PowerApps/apis/shared_commondataserviceforapps"
                },
                "parameters": {
                  "entityName": "contoso_projects",
                  "recordId": "@items('Loop_1')?['contoso_projectid']",
                  "item/contoso_projectstatus": 330650001
                },
                "authentication": {
                  "type": "Raw",
                  "value": "@json(decodeBase64(triggerOutputs().headers['X-MS-APIM-Tokens']))['$ConnectionKey']"
                }
              }
            }
          },
          "runAfter": {
            "Projects_started_but_not_in_progress": [
              "Succeeded"
            ]
          },
          "metadata": {
            "operationMetadataId": "0aa48a2b-9f2a-4a91-88a1-d2e520c094bc"
          },
          "type": "Foreach"
        },
        "Respond_to_flow": {
          "runAfter": {
            "Loop_2": [
              "Succeeded"
            ]
          },
          "metadata": {
            "operationMetadataId": "ea4bf2a1-27aa-439e-8563-de2ed7b76c6d"
          },
          "type": "Response",
          "kind": "PowerApp",
          "inputs": {
            "statusCode": 200,
            "body": {},
            "schema": {
              "type": "object",
              "properties": {}
            }
          }
        },
        "Projects_ended_but_not_completed": {
          "runAfter": {
            "Loop_1": [
              "Succeeded"
            ]
          },
          "metadata": {
            "operationMetadataId": "ab391f43-d35a-4a5a-91b7-a97610cb2b5f"
          },
          "type": "OpenApiConnection",
          "inputs": {
            "host": {
              "connectionName": "shared_commondataserviceforapps",
              "operationId": "ListRecords",
              "apiId": "/providers/Microsoft.PowerApps/apis/shared_commondataserviceforapps"
            },
            "parameters": {
              "entityName": "contoso_projects",
              "fetchXml": "<fetch version=\"1.0\" output-format=\"xml-platform\" mapping=\"logical\" distinct=\"false\">\n  <entity name=\"contoso_project\">\n    <attribute name=\"contoso_projectid\" />\n    <filter type=\"and\">\n      <condition attribute=\"statecode\" operator=\"eq\" value=\"0\" />\n      <condition attribute=\"contoso_projectstatus\" operator=\"in\">\n        <value>330650000</value>\n        <value>330650001</value>\n      </condition>\n      <condition attribute=\"contoso_actualenddate\" operator=\"last-x-days\" value=\"100\" />\n    </filter>\n  </entity>\n</fetch>"
            },
            "authentication": {
              "type": "Raw",
              "value": "@json(decodeBase64(triggerOutputs().headers['X-MS-APIM-Tokens']))['$ConnectionKey']"
            }
          },
          "description": "Projects that have ended but are not completed"
        },
        "Loop_2": {
          "foreach": "@outputs('Projects_ended_but_not_completed')?['body/value']",
          "actions": {
            "Set_Project_to_Completed": {
              "runAfter": {},
              "metadata": {
                "operationMetadataId": "f224cd4d-0d89-4ea7-815d-8b49ff594b29"
              },
              "type": "OpenApiConnection",
              "inputs": {
                "host": {
                  "connectionName": "shared_commondataserviceforapps",
                  "operationId": "UpdateRecord",
                  "apiId": "/providers/Microsoft.PowerApps/apis/shared_commondataserviceforapps"
                },
                "parameters": {
                  "entityName": "contoso_projects",
                  "recordId": "@items('Loop_2')?['contoso_projectid']",
                  "item/contoso_projectstatus": 330650003
                },
                "authentication": {
                  "type": "Raw",
                  "value": "@json(decodeBase64(triggerOutputs().headers['X-MS-APIM-Tokens']))['$ConnectionKey']"
                }
              }
            }
          },
          "runAfter": {
            "Projects_ended_but_not_completed": [
              "Succeeded"
            ]
          },
          "metadata": {
            "operationMetadataId": "e35deade-377d-4f59-9413-c615262e121c"
          },
          "type": "Foreach"
        }
      }
    }
  },
  "schemaVersion": "1.0.0.0"
}