{
  "properties": {
    "connectionReferences": {
      "shared_commondataserviceforapps": {
        "runtimeSource": "embedded",
        "connection": {
          "connectionReferenceLogicalName": "contoso_sharedcommondataserviceforapps_05f4c"
        },
        "api": {
          "name": "shared_commondataserviceforapps"
        }
      }
    },
    "definition": {
      "$schema": "https://schema.management.azure.com/providers/Microsoft.Logic/schemas/2016-06-01/workflowdefinition.json#",
      "contentVersion": "1.0.0.0",
      "parameters": {
        "$connections": {
          "defaultValue": {},
          "type": "Object"
        },
        "$authentication": {
          "defaultValue": {},
          "type": "SecureObject"
        }
      },
      "triggers": {
        "Project_status_changed": {
          "metadata": {
            "operationMetadataId": "356cf073-b57a-40c1-80b1-eadfb4c47284"
          },
          "type": "OpenApiConnectionWebhook",
          "inputs": {
            "host": {
              "connectionName": "shared_commondataserviceforapps",
              "operationId": "SubscribeWebhookTrigger",
              "apiId": "/providers/Microsoft.PowerApps/apis/shared_commondataserviceforapps"
            },
            "parameters": {
              "subscriptionRequest/message": 3,
              "subscriptionRequest/entityname": "contoso_project",
              "subscriptionRequest/scope": 4,
              "subscriptionRequest/filteringattributes": "contoso_projectstatus",
              "subscriptionRequest/filterexpression": "(contoso_projectstatus eq 330650003 and contoso_actualenddate eq null)"
            },
            "authentication": "@parameters('$authentication')"
          }
        }
      },
      "actions": {
        "Set_actual_end_date": {
          "runAfter": {},
          "metadata": {
            "operationMetadataId": "23919e86-f1de-491b-bb6f-e92b360ff4c3"
          },
          "type": "OpenApiConnection",
          "inputs": {
            "host": {
              "connectionName": "shared_commondataserviceforapps",
              "operationId": "UpdateRecord",
              "apiId": "/providers/Microsoft.PowerApps/apis/shared_commondataserviceforapps"
            },
            "parameters": {
              "entityName": "contoso_projects",
              "recordId": "@triggerOutputs()?['body/contoso_projectid']",
              "item/contoso_actualenddate": "@utcNow()"
            },
            "authentication": "@parameters('$authentication')"
          }
        }
      }
    }
  },
  "schemaVersion": "1.0.0.0"
}