{
  "namedEntities": [
    {
      "synonyms": [
        "House",
        "Home",
        "Me",
        "Myself"
      ],
      "id": "c32b4ab6-76e9-40f0-898f-70bc5a599c7a",
      "displayName": "Personal",
      "createdTime": "2022-09-06T21:45:49.0295955Z",
      "updatedTime": "2022-09-06T21:53:45.2729497Z",
      "createdUserId": "95a5c302-8829-442e-945a-b2b147f23960",
      "updatedUserId": "95a5c302-8829-442e-945a-b2b147f23960"
    },
    {
      "synonyms": [
        "Crops",
        "Farm",
        "Farming",
        "Food"
      ],
      "id": "5c6f58d4-f684-4835-9fe5-2acd1654521e",
      "displayName": "Agriculture",
      "createdTime": "2022-09-06T21:45:49.0295955Z",
      "updatedTime": "2022-09-06T21:53:45.2729497Z",
      "createdUserId": "95a5c302-8829-442e-945a-b2b147f23960",
      "updatedUserId": "95a5c302-8829-442e-945a-b2b147f23960"
    },
    {
      "synonyms": [
        "Manufacturing",
        "Office",
        "Work"
      ],
      "id": "7b141060-c733-439f-93e9-8a50bd8b948a",
      "displayName": "Industry",
      "createdTime": "2022-09-06T21:45:49.0295955Z",
      "updatedTime": "2022-09-06T21:53:45.2729497Z",
      "createdUserId": "95a5c302-8829-442e-945a-b2b147f23960",
      "updatedUserId": "95a5c302-8829-442e-945a-b2b147f23960"
    }
  ],
  "closedListTypes": [
    {
      "namedEntities": [
        "c32b4ab6-76e9-40f0-898f-70bc5a599c7a",
        "5c6f58d4-f684-4835-9fe5-2acd1654521e",
        "7b141060-c733-439f-93e9-8a50bd8b948a"
      ],
      "smartMatchingEnabled": true,
      "customTypeSchema": "ClosedList",
      "id": "new_customtype_b1d190074e354c49bc9cbd26bb0c058c",
      "displayName": "WaterHelp",
      "description": "",
      "createdTime": "2022-09-06T21:45:49.0295955Z",
      "updatedTime": "2022-09-06T21:53:45.2729497Z",
      "createdUserId": "95a5c302-8829-442e-945a-b2b147f23960",
      "updatedUserId": "95a5c302-8829-442e-945a-b2b147f23960"
    }
  ]
}