{
  "intents": [
    {
      "triggerQueries": [
        "How does air affect the environment?",
        "How does air affect the environment?",
        "What are ways to reduce air pollution?",
        "How we can reduce air pollution?",
        "Can air travel ever be sustainable?",
        "How does air quality affect sustainability?",
        "What is a sustainable air?",
        "Air"
      ],
      "dialogId": "new_topic_5cc3b3a36c1b45a7bdfd9be76e4df83f",
      "isTriggeringEnabled": true,
      "id": "new_topic_5cc3b3a36c1b45a7bdfd9be76e4df83f",
      "displayName": "Air",
      "createdTime": "2022-09-06T21:13:58.0676808Z",
      "updatedTime": "2022-09-06T22:23:59.3001401Z",
      "createdUserId": "95a5c302-8829-442e-945a-b2b147f23960",
      "updatedUserId": "95a5c302-8829-442e-945a-b2b147f23960"
    }
  ],
  "dialogs": [
    {
      "rootNodeId": "723ac9fa-babc-4aaa-9ebe-098859295420",
      "messageNodes": [
        {
          "botMessageId": "03e42a92-4a4a-42ca-8f2e-2ff6ddcd9fe6",
          "nodeType": "BotMessageNode",
          "id": "723ac9fa-babc-4aaa-9ebe-098859295420",
          "defaultTargetNodeId": "eff7a24f-15cc-4365-bf2c-50dffd1b7fa0"
        },
        {
          "botMessageId": "e71b7f86-f4ad-4abf-8119-226c81584003",
          "nodeType": "BotMessageNode",
          "id": "4c058f1b-4970-456a-8ef8-ffabbf2f1c43",
          "defaultTargetNodeId": "56ea095b-c426-40b3-8eda-8d83889738df"
        }
      ],
      "actionNodes": [
        {
          "contextVariableId": "205d0a51-0f3e-4a25-84db-f561e458ca03",
          "nodeType": "ActionNode",
          "outputExpressionVariableIds": [
            "124bca2d-6996-4f03-9fda-ab2a646a74ee"
          ],
          "id": "eff7a24f-15cc-4365-bf2c-50dffd1b7fa0",
          "defaultTargetNodeId": "4c058f1b-4970-456a-8ef8-ffabbf2f1c43"
        }
      ],
      "dialogChangeNodes": [
        {
          "targetDialogId": "new_topic_f129cb83826d4485977aee9c4b452a26_aeabea4d071f415c8c107e1cb7af5424_assumedsuccess",
          "nodeType": "DialogChangeNode",
          "id": "56ea095b-c426-40b3-8eda-8d83889738df"
        }
      ],
      "id": "new_topic_5cc3b3a36c1b45a7bdfd9be76e4df83f",
      "displayName": "Untitled",
      "createdTime": "2022-09-06T21:13:58.0676808Z",
      "updatedTime": "2022-09-06T22:23:59.3001401Z",
      "createdUserId": "95a5c302-8829-442e-945a-b2b147f23960",
      "updatedUserId": "95a5c302-8829-442e-945a-b2b147f23960"
    }
  ],
  "botMessages": [
    {
      "channelContent": {
        "web": {
          "contentFormat": "Markdown",
          "content": "Air pollution can directly contaminate the surface of bodies of water and soil. This can kill crops or reduce their yield. It can kill young trees and other plants."
        }
      },
      "id": "03e42a92-4a4a-42ca-8f2e-2ff6ddcd9fe6",
      "createdTime": "2022-09-06T21:13:40.064Z",
      "updatedTime": "2022-09-06T21:13:40.064Z"
    },
    {
      "channelContent": {
        "web": {
          "contentFormat": "Markdown",
          "content": "This is a list of the air projects Fabrikam are currently working on:\n\n{124bca2d-6996-4f03-9fda-ab2a646a74ee}"
        }
      },
      "id": "e71b7f86-f4ad-4abf-8119-226c81584003",
      "createdTime": "2022-09-06T22:23:10.745Z",
      "updatedTime": "2022-09-06T22:23:10.745Z",
      "createdUserId": "user-0",
      "updatedUserId": "user-0"
    }
  ],
  "actionDefinitions": [
    {
      "timeoutInSeconds": 60,
      "retryCount": 1,
      "method": 2,
      "headers": {
        "accept": "application/json"
      },
      "bodyContent": "",
      "actionType": "Flow",
      "flowMetadata": {
        "id": "2fac9dfa-302e-ed11-9db1-0022481dae3d",
        "title": "List Air Projects",
        "description": "",
        "httpMethod": 2,
        "outputParameters": [
          {
            "name": "Projects",
            "id": "projects",
            "type": "String",
            "optional": true
          }
        ],
        "outputSchemaType": "Json",
        "createdTime": "2022-09-06T22:12:23Z",
        "isEnabled": true,
        "lastModifiedTime": "2022-09-06T22:22:39Z",
        "versionNumber": 1409817
      },
      "id": "e1ffd1fb-f6cf-4e88-a659-4b5f741c7e56",
      "displayName": "List Air Projects",
      "description": "",
      "createdTime": "2022-09-06T22:23:03.367Z",
      "updatedTime": "2022-09-06T22:23:03.367Z"
    }
  ],
  "contextVariables": [
    {
      "customTypeId": "f896f327-88b4-4f05-b24f-969b71759371",
      "initializerType": "Action",
      "scope": "Dialog",
      "greedySlotFillingEnabled": false,
      "isInput": false,
      "externalInitializationAllowed": false,
      "actionId": "e1ffd1fb-f6cf-4e88-a659-4b5f741c7e56",
      "isGlobal": false,
      "id": "205d0a51-0f3e-4a25-84db-f561e458ca03",
      "displayName": "",
      "createdTime": "2022-09-06T22:23:03.367Z",
      "updatedTime": "2022-09-06T22:23:59.3001401Z",
      "createdUserId": "user-0",
      "updatedUserId": "95a5c302-8829-442e-945a-b2b147f23960"
    },
    {
      "systemType": "String",
      "initializerType": "Expression",
      "scope": "Dialog",
      "greedySlotFillingEnabled": false,
      "isInput": false,
      "externalInitializationAllowed": false,
      "expression": "@parameters('205d0a51-0f3e-4a25-84db-f561e458ca03')['projects']",
      "isGlobal": false,
      "id": "124bca2d-6996-4f03-9fda-ab2a646a74ee",
      "displayName": "varProjects",
      "createdTime": "2022-09-06T22:23:03.368Z",
      "updatedTime": "2022-09-06T22:23:59.3001401Z",
      "createdUserId": "user-0",
      "updatedUserId": "95a5c302-8829-442e-945a-b2b147f23960"
    }
  ],
  "jsonTypes": [
    {
      "customTypeSchema": "Json",
      "id": "f896f327-88b4-4f05-b24f-969b71759371",
      "displayName": "Response Json Type for Flow - List Air Projects",
      "createdTime": "2022-09-06T22:23:03.367Z",
      "updatedTime": "2022-09-06T22:23:03.367Z"
    }
  ]
}