
<entities xmlns:xsd="http://www.w3.org/2001/XMLSchema" xmlns:xsi="http://www.w3.org/2001/XMLSchema-instance" timestamp="2022-09-07T17:54:22.0950689Z">
  <entity name="account" displayname="Account">
    <records>
      <record id="8dcb8e99-bb2a-ed11-9db1-000d3a53a6df">
        <field name="accountid" value="8dcb8e99-bb2a-ed11-9db1-000d3a53a6df" />
        <field name="name" value="Fourth Coffee" />
        <field name="telephone1" value="555-0150" />
        <field name="websiteurl" value="http://www.fourthcoffee.com/" />
        <field name="address1_city" value="Renton" />
        <field name="address1_line1" value="5009 Orange Street" />
        <field name="address1_stateorprovince" value="TX" />
        <field name="address1_country" value="U.S." />
        <field name="address1_postalcode" value="20175" />
      </record>
      <record id="8fcb8e99-bb2a-ed11-9db1-000d3a53a6df">
        <field name="accountid" value="8fcb8e99-bb2a-ed11-9db1-000d3a53a6df" />
        <field name="name" value="Litware, Inc." />
        <field name="telephone1" value="555-0151" />
        <field name="websiteurl" value="http://www.litwareinc.com/" />
        <field name="address1_city" value="Dallas" />
        <field name="address1_line1" value="100 Red Oak Lane" />
        <field name="address1_stateorprovince" value="TX" />
        <field name="address1_country" value="U.S." />
        <field name="address1_postalcode" value="20313" />
      </record>
      <record id="91cb8e99-bb2a-ed11-9db1-000d3a53a6df">
        <field name="accountid" value="91cb8e99-bb2a-ed11-9db1-000d3a53a6df" />
        <field name="name" value="Adventure Works" />
        <field name="telephone1" value="555-0152" />
        <field name="websiteurl" value="http://www.adventure-works.com/" />
        <field name="address1_city" value="Santa Cruz" />
        <field name="address1_line1" value="4405 Balboa Court" />
        <field name="address1_stateorprovince" value="TX" />
        <field name="address1_country" value="U.S." />
        <field name="address1_postalcode" value="95486" />
      </record>
      <record id="93cb8e99-bb2a-ed11-9db1-000d3a53a6df">
        <field name="accountid" value="93cb8e99-bb2a-ed11-9db1-000d3a53a6df" />
        <field name="name" value="Fabrikam, Inc." />
        <field name="telephone1" value="555-0153" />
        <field name="websiteurl" value="http://www.fabrikam.com/" />
        <field name="address1_city" value="Lynnwood" />
        <field name="address1_line1" value="7995 Edwards Ave." />
        <field name="address1_stateorprovince" value="TN" />
        <field name="address1_country" value="U.S." />
        <field name="address1_postalcode" value="58299" />
      </record>
      <record id="95cb8e99-bb2a-ed11-9db1-000d3a53a6df">
        <field name="accountid" value="95cb8e99-bb2a-ed11-9db1-000d3a53a6df" />
        <field name="name" value="Blue Yonder Airlines" />
        <field name="telephone1" value="555-0154" />
        <field name="websiteurl" value="http://www.blueyonderairlines.com/" />
        <field name="address1_city" value="Los Angeles" />
        <field name="address1_line1" value="9068 Muir Road" />
        <field name="address1_stateorprovince" value="KA" />
        <field name="address1_country" value="U.S." />
        <field name="address1_postalcode" value="20593" />
      </record>
      <record id="97cb8e99-bb2a-ed11-9db1-000d3a53a6df">
        <field name="accountid" value="97cb8e99-bb2a-ed11-9db1-000d3a53a6df" />
        <field name="name" value="City Power &amp;amp; Light" />
        <field name="telephone1" value="555-0155" />
        <field name="websiteurl" value="http://www.cpandl.com/" />
        <field name="address1_city" value="Redmond" />
        <field name="address1_line1" value="3397 Rancho View Drive" />
        <field name="address1_stateorprovince" value="WA" />
        <field name="address1_country" value="U.S." />
        <field name="address1_postalcode" value="90000" />
      </record>
      <record id="99cb8e99-bb2a-ed11-9db1-000d3a53a6df">
        <field name="accountid" value="99cb8e99-bb2a-ed11-9db1-000d3a53a6df" />
        <field name="name" value="Contoso Pharmaceuticals" />
        <field name="telephone1" value="555-0156" />
        <field name="websiteurl" value="http://www.contoso.com/" />
        <field name="address1_city" value="Redmond" />
        <field name="address1_line1" value="9906 Oak Grove Road" />
        <field name="address1_stateorprovince" value="WA" />
        <field name="address1_country" value="U.S." />
        <field name="address1_postalcode" value="80803" />
        <field name="parentaccountid" value="b76f5007-c92e-ed11-9db1-0022481dae3d" lookupentity="account" lookupentityname="Contoso, Ltd." />
      </record>
      <record id="9bcb8e99-bb2a-ed11-9db1-000d3a53a6df">
        <field name="accountid" value="9bcb8e99-bb2a-ed11-9db1-000d3a53a6df" />
        <field name="name" value="Alpine Ski House" />
        <field name="telephone1" value="555-0157" />
        <field name="websiteurl" value="http://www.alpineskihouse.com/" />
        <field name="address1_city" value="Missoula" />
        <field name="address1_line1" value="2313 B Southampton Rd" />
        <field name="address1_stateorprovince" value="TX" />
        <field name="address1_country" value="U.S." />
        <field name="address1_postalcode" value="58047" />
      </record>
      <record id="9dcb8e99-bb2a-ed11-9db1-000d3a53a6df">
        <field name="accountid" value="9dcb8e99-bb2a-ed11-9db1-000d3a53a6df" />
        <field name="name" value="A. Datum Corporation" />
        <field name="telephone1" value="555-0158" />
        <field name="websiteurl" value="http://www.adatum.com/" />
        <field name="address1_city" value="Redmond" />
        <field name="address1_line1" value="2137 Birchwood Dr" />
        <field name="address1_stateorprovince" value="WA" />
        <field name="address1_country" value="U.S." />
        <field name="address1_postalcode" value="78214" />
      </record>
      <record id="9fcb8e99-bb2a-ed11-9db1-000d3a53a6df">
        <field name="accountid" value="9fcb8e99-bb2a-ed11-9db1-000d3a53a6df" />
        <field name="name" value="Coho Winery" />
        <field name="telephone1" value="555-0159" />
        <field name="websiteurl" value="http://www.cohowinery.com/" />
        <field name="address1_city" value="Phoenix" />
        <field name="address1_line1" value="137 Lancelot Dr" />
        <field name="address1_stateorprovince" value="CA" />
        <field name="address1_country" value="U.S." />
        <field name="address1_postalcode" value="10032" />
      </record>
      <record id="2e4913d3-c82e-ed11-9db1-0022481dae3d">
        <field name="accountid" value="2e4913d3-c82e-ed11-9db1-0022481dae3d" />
        <field name="name" value="Proseware, Inc." />
        <field name="websiteurl" value="http://www.proseware.com/" />
      </record>
      <record id="084fd8dc-c82e-ed11-9db1-0022481dae3d">
        <field name="accountid" value="084fd8dc-c82e-ed11-9db1-0022481dae3d" />
        <field name="name" value="Munson&amp;#39;s Pickles and Preserves Farm" />
        <field name="websiteurl" value="http://www.munsonspicklesandpreservesfarm.com" />
      </record>
      <record id="7f4442ec-c82e-ed11-9db1-0022481dae3d">
        <field name="accountid" value="7f4442ec-c82e-ed11-9db1-0022481dae3d" />
        <field name="name" value="Relecloud" />
        <field name="websiteurl" value="http://www.relecloud.com" />
      </record>
      <record id="cf6ca4f9-c82e-ed11-9db1-0022481dae3d">
        <field name="accountid" value="cf6ca4f9-c82e-ed11-9db1-0022481dae3d" />
        <field name="name" value="Liberty&amp;#39;s Delightful Bakery &amp;amp; Cafe" />
        <field name="websiteurl" value="http://www.libertysdelightfulbakeryandcafe.com" />
      </record>
      <record id="b76f5007-c92e-ed11-9db1-0022481dae3d">
        <field name="accountid" value="b76f5007-c92e-ed11-9db1-0022481dae3d" />
        <field name="name" value="Contoso, Ltd." />
        <field name="websiteurl" value="http://www.contoso.com/" />
      </record>
      <record id="f2136219-c92e-ed11-9db1-0022481dae3d">
        <field name="accountid" value="f2136219-c92e-ed11-9db1-0022481dae3d" />
        <field name="name" value="Lamna Healthcare Company" />
        <field name="websiteurl" value="http://www.lamnahealtcare.com" />
      </record>
      <record id="53d67f4b-c92e-ed11-9db1-0022481dae3d">
        <field name="accountid" value="53d67f4b-c92e-ed11-9db1-0022481dae3d" />
        <field name="name" value="Contoso Suites" />
        <field name="websiteurl" value="http://www.contososuites.com" />
        <field name="parentaccountid" value="b76f5007-c92e-ed11-9db1-0022481dae3d" lookupentity="account" lookupentityname="Contoso, Ltd." />
      </record>
      <record id="ef5c3a52-c92e-ed11-9db1-0022481dae3d">
        <field name="accountid" value="ef5c3a52-c92e-ed11-9db1-0022481dae3d" />
        <field name="name" value="Northwind Electric Cars" />
        <field name="websiteurl" value="http://www.northwindelectriccars.com" />
      </record>
      <record id="4814ce66-c92e-ed11-9db1-0022481dae3d">
        <field name="accountid" value="4814ce66-c92e-ed11-9db1-0022481dae3d" />
        <field name="name" value="Trey Research" />
        <field name="websiteurl" value="http://www.treyresearch.net/" />
      </record>
    </records>
    <m2mrelationships />
  </entity>
  <entity name="contact" displayname="Contact">
    <records>
      <record id="a1cb8e99-bb2a-ed11-9db1-000d3a53a6df">
        <field name="jobtitle" value="Purchasing Manager" />
        <field name="lastname" value="McKay" />
        <field name="firstname" value="Yvonne" />
        <field name="emailaddress1" value="someone_a@example.com" />
        <field name="parentcustomerid" value="8dcb8e99-bb2a-ed11-9db1-000d3a53a6df" lookupentity="account" lookupentityname="Fourth Coffee" />
        <field name="contactid" value="a1cb8e99-bb2a-ed11-9db1-000d3a53a6df" />
      </record>
      <record id="a3cb8e99-bb2a-ed11-9db1-000d3a53a6df">
        <field name="jobtitle" value="Purchasing Manager" />
        <field name="lastname" value="Stubberod" />
        <field name="firstname" value="Susanna" />
        <field name="emailaddress1" value="someone_b@example.com" />
        <field name="parentcustomerid" value="8fcb8e99-bb2a-ed11-9db1-000d3a53a6df" lookupentity="account" lookupentityname="Litware, Inc." />
        <field name="contactid" value="a3cb8e99-bb2a-ed11-9db1-000d3a53a6df" />
      </record>
      <record id="a5cb8e99-bb2a-ed11-9db1-000d3a53a6df">
        <field name="jobtitle" value="Purchasing Assistant" />
        <field name="lastname" value="Anderson" />
        <field name="firstname" value="Nancy" />
        <field name="emailaddress1" value="someone_c@example.com" />
        <field name="parentcustomerid" value="91cb8e99-bb2a-ed11-9db1-000d3a53a6df" lookupentity="account" lookupentityname="Adventure Works" />
        <field name="contactid" value="a5cb8e99-bb2a-ed11-9db1-000d3a53a6df" />
      </record>
      <record id="a7cb8e99-bb2a-ed11-9db1-000d3a53a6df">
        <field name="jobtitle" value="Purchasing Manager" />
        <field name="lastname" value="Campbell" />
        <field name="firstname" value="Maria" />
        <field name="emailaddress1" value="someone_d@example.com" />
        <field name="parentcustomerid" value="93cb8e99-bb2a-ed11-9db1-000d3a53a6df" lookupentity="account" lookupentityname="Fabrikam, Inc." />
        <field name="contactid" value="a7cb8e99-bb2a-ed11-9db1-000d3a53a6df" />
      </record>
      <record id="a9cb8e99-bb2a-ed11-9db1-000d3a53a6df">
        <field name="jobtitle" value="Owner" />
        <field name="lastname" value="Higa" />
        <field name="firstname" value="Sidney" />
        <field name="emailaddress1" value="someone_e@example.com" />
        <field name="parentcustomerid" value="95cb8e99-bb2a-ed11-9db1-000d3a53a6df" lookupentity="account" lookupentityname="Blue Yonder Airlines" />
        <field name="contactid" value="a9cb8e99-bb2a-ed11-9db1-000d3a53a6df" />
      </record>
      <record id="abcb8e99-bb2a-ed11-9db1-000d3a53a6df">
        <field name="jobtitle" value="Purchasing Manager" />
        <field name="lastname" value="Konersmann" />
        <field name="firstname" value="Scott" />
        <field name="emailaddress1" value="someone_f@example.com" />
        <field name="parentcustomerid" value="97cb8e99-bb2a-ed11-9db1-000d3a53a6df" lookupentity="account" lookupentityname="City Power &amp; Light" />
        <field name="contactid" value="abcb8e99-bb2a-ed11-9db1-000d3a53a6df" />
      </record>
      <record id="adcb8e99-bb2a-ed11-9db1-000d3a53a6df">
        <field name="jobtitle" value="Owner" />
        <field name="lastname" value="Lyon" />
        <field name="firstname" value="Robert" />
        <field name="emailaddress1" value="someone_g@example.com" />
        <field name="parentcustomerid" value="99cb8e99-bb2a-ed11-9db1-000d3a53a6df" lookupentity="account" lookupentityname="Contoso Pharmaceuticals" />
        <field name="contactid" value="adcb8e99-bb2a-ed11-9db1-000d3a53a6df" />
      </record>
      <record id="afcb8e99-bb2a-ed11-9db1-000d3a53a6df">
        <field name="jobtitle" value="Purchasing Assistant" />
        <field name="lastname" value="Cannon" />
        <field name="firstname" value="Paul" />
        <field name="emailaddress1" value="someone_h@example.com" />
        <field name="parentcustomerid" value="9bcb8e99-bb2a-ed11-9db1-000d3a53a6df" lookupentity="account" lookupentityname="Alpine Ski House" />
        <field name="contactid" value="afcb8e99-bb2a-ed11-9db1-000d3a53a6df" />
      </record>
      <record id="b1cb8e99-bb2a-ed11-9db1-000d3a53a6df">
        <field name="jobtitle" value="Purchasing Assistant" />
        <field name="lastname" value="Valdes" />
        <field name="firstname" value="Rene" />
        <field name="emailaddress1" value="someone_i@example.com" />
        <field name="parentcustomerid" value="9dcb8e99-bb2a-ed11-9db1-000d3a53a6df" lookupentity="account" lookupentityname="A. Datum Corporation" />
        <field name="contactid" value="b1cb8e99-bb2a-ed11-9db1-000d3a53a6df" />
      </record>
      <record id="b3cb8e99-bb2a-ed11-9db1-000d3a53a6df">
        <field name="jobtitle" value="Owner" />
        <field name="lastname" value="Glynn" />
        <field name="firstname" value="Jim" />
        <field name="emailaddress1" value="someone_j@example.com" />
        <field name="parentcustomerid" value="9fcb8e99-bb2a-ed11-9db1-000d3a53a6df" lookupentity="account" lookupentityname="Coho Winery" />
        <field name="contactid" value="b3cb8e99-bb2a-ed11-9db1-000d3a53a6df" />
      </record>
      <record id="b5cb8e99-bb2a-ed11-9db1-000d3a53a6df">
        <field name="jobtitle" value="Owner" />
        <field name="lastname" value="Sands" />
        <field name="firstname" value="Patrick" />
        <field name="emailaddress1" value="someone_k@example.com" />
        <field name="parentcustomerid" value="9bcb8e99-bb2a-ed11-9db1-000d3a53a6df" lookupentity="account" lookupentityname="Alpine Ski House" />
        <field name="contactid" value="b5cb8e99-bb2a-ed11-9db1-000d3a53a6df" />
      </record>
      <record id="b7cb8e99-bb2a-ed11-9db1-000d3a53a6df">
        <field name="jobtitle" value="Owner" />
        <field name="lastname" value="Burk" />
        <field name="firstname" value="Susan" />
        <field name="emailaddress1" value="someone_l@example.com" />
        <field name="parentcustomerid" value="9dcb8e99-bb2a-ed11-9db1-000d3a53a6df" lookupentity="account" lookupentityname="A. Datum Corporation" />
        <field name="contactid" value="b7cb8e99-bb2a-ed11-9db1-000d3a53a6df" />
      </record>
      <record id="b9cb8e99-bb2a-ed11-9db1-000d3a53a6df">
        <field name="jobtitle" value="Purchasing Manager" />
        <field name="lastname" value="Andersen" />
        <field name="firstname" value="Thomas" />
        <field name="emailaddress1" value="someone_m@example.com" />
        <field name="parentcustomerid" value="9fcb8e99-bb2a-ed11-9db1-000d3a53a6df" lookupentity="account" lookupentityname="Coho Winery" />
        <field name="contactid" value="b9cb8e99-bb2a-ed11-9db1-000d3a53a6df" />
      </record>
      <record id="8b650a7e-c92e-ed11-9db1-0022481dae3d">
        <field name="lastname" value="Abercrombie" />
        <field name="firstname" value="Kim" />
        <field name="parentcustomerid" value="4814ce66-c92e-ed11-9db1-0022481dae3d" lookupentity="account" lookupentityname="Trey Research" />
        <field name="contactid" value="8b650a7e-c92e-ed11-9db1-0022481dae3d" />
      </record>
      <record id="8033b285-c92e-ed11-9db1-0022481dae3d">
        <field name="lastname" value="Halstead" />
        <field name="firstname" value="Dean" />
        <field name="parentcustomerid" value="ef5c3a52-c92e-ed11-9db1-0022481dae3d" lookupentity="account" lookupentityname="Northwind Electric Cars" />
        <field name="contactid" value="8033b285-c92e-ed11-9db1-0022481dae3d" />
      </record>
      <record id="5d5edb8f-c92e-ed11-9db1-0022481dae3d">
        <field name="lastname" value="Hansen" />
        <field name="firstname" value="Claus" />
        <field name="parentcustomerid" value="b76f5007-c92e-ed11-9db1-0022481dae3d" lookupentity="account" lookupentityname="Contoso, Ltd." />
        <field name="contactid" value="5d5edb8f-c92e-ed11-9db1-0022481dae3d" />
      </record>
      <record id="8bf9c0a2-c92e-ed11-9db1-0022481dae3d">
        <field name="lastname" value="Perham" />
        <field name="firstname" value="Tom" />
        <field name="parentcustomerid" value="2e4913d3-c82e-ed11-9db1-0022481dae3d" lookupentity="account" lookupentityname="Proseware, Inc." />
        <field name="contactid" value="8bf9c0a2-c92e-ed11-9db1-0022481dae3d" />
      </record>
      <record id="8ceb44e3-c92e-ed11-9db1-0022481dae3d">
        <field name="lastname" value="Alexieff" />
        <field name="firstname" value="Mark" />
        <field name="contactid" value="8ceb44e3-c92e-ed11-9db1-0022481dae3d" />
      </record>
      <record id="9535c241-ca2e-ed11-9db1-0022481dae3d">
        <field name="lastname" value="Rolecki" />
        <field name="firstname" value="Marek" />
        <field name="contactid" value="9535c241-ca2e-ed11-9db1-0022481dae3d" />
      </record>
      <record id="31a21659-ca2e-ed11-9db1-0022481dae3d">
        <field name="lastname" value="Ruivo" />
        <field name="firstname" value="Pedro" />
        <field name="contactid" value="31a21659-ca2e-ed11-9db1-0022481dae3d" />
      </record>
    </records>
    <m2mrelationships />
  </entity>
  <entity name="contoso_milestone" displayname="Milestone">
    <records>
      <record id="d6c951cb-cc2e-ed11-9db1-0022481dae3d">
        <field name="contoso_milestoneid" value="d6c951cb-cc2e-ed11-9db1-0022481dae3d" />
        <field name="contoso_milestonecode" value="MILE-01002" />
        <field name="contoso_milestonetitle" value="Develop control strategies" />
        <field name="contoso_projectid" value="95244d11-be2a-ed11-9db1-002248274563" lookupentity="contoso_project" lookupentityname="Air pollution inventory project" />
        <field name="statecode" value="0" />
        <field name="statuscode" value="1" />
      </record>
      <record id="baaad5d3-cc2e-ed11-9db1-0022481dae3d">
        <field name="contoso_milestoneid" value="baaad5d3-cc2e-ed11-9db1-0022481dae3d" />
        <field name="contoso_milestonecode" value="MILE-01003" />
        <field name="contoso_milestonetitle" value="Implement measures" />
        <field name="contoso_projectid" value="95244d11-be2a-ed11-9db1-002248274563" lookupentity="contoso_project" lookupentityname="Air pollution inventory project" />
        <field name="statecode" value="0" />
        <field name="statuscode" value="1" />
      </record>
      <record id="aea069dc-cc2e-ed11-9db1-0022481dae3d">
        <field name="contoso_milestoneid" value="aea069dc-cc2e-ed11-9db1-0022481dae3d" />
        <field name="contoso_milestonecode" value="MILE-01004" />
        <field name="contoso_milestonetitle" value="Monitoring" />
        <field name="contoso_projectid" value="95244d11-be2a-ed11-9db1-002248274563" lookupentity="contoso_project" lookupentityname="Air pollution inventory project" />
        <field name="statecode" value="0" />
        <field name="statuscode" value="1" />
      </record>
      <record id="b2b4a783-d02e-ed11-9db1-0022481dae3d">
        <field name="contoso_milestoneid" value="b2b4a783-d02e-ed11-9db1-0022481dae3d" />
        <field name="contoso_milestonecode" value="MILE-01005" />
        <field name="contoso_milestonetitle" value="Best Burn Practices Video" />
        <field name="contoso_projectid" value="5a5816f9-d92a-ed11-9db1-002248274563" lookupentity="contoso_project" lookupentityname="Wood fire air quality project" />
        <field name="statecode" value="0" />
        <field name="statuscode" value="1" />
      </record>
      <record id="fa35b7b8-d12e-ed11-9db1-0022481dae3d">
        <field name="contoso_milestoneid" value="fa35b7b8-d12e-ed11-9db1-0022481dae3d" />
        <field name="contoso_milestonecode" value="MILE-01006" />
        <field name="contoso_milestonetitle" value="Review of existing soil-improving analysis" />
        <field name="contoso_projectid" value="36041f9e-d92a-ed11-9db1-002248274563" lookupentity="contoso_project" lookupentityname="Good soil health" />
        <field name="statecode" value="0" />
        <field name="statuscode" value="1" />
      </record>
      <record id="a36167c4-d12e-ed11-9db1-0022481dae3d">
        <field name="contoso_milestoneid" value="a36167c4-d12e-ed11-9db1-0022481dae3d" />
        <field name="contoso_milestonecode" value="MILE-01007" />
        <field name="contoso_milestonetitle" value="Selection of crops rotations to trial" />
        <field name="contoso_projectid" value="36041f9e-d92a-ed11-9db1-002248274563" lookupentity="contoso_project" lookupentityname="Good soil health" />
        <field name="statecode" value="0" />
        <field name="statuscode" value="1" />
      </record>
      <record id="880b73cf-d12e-ed11-9db1-0022481dae3d">
        <field name="contoso_milestoneid" value="880b73cf-d12e-ed11-9db1-0022481dae3d" />
        <field name="contoso_milestonecode" value="MILE-01008" />
        <field name="contoso_milestonetitle" value="Define monitoring plan" />
        <field name="contoso_projectid" value="36041f9e-d92a-ed11-9db1-002248274563" lookupentity="contoso_project" lookupentityname="Good soil health" />
        <field name="statecode" value="0" />
        <field name="statuscode" value="1" />
      </record>
      <record id="6f1b75e9-d12e-ed11-9db1-0022481dae3d">
        <field name="contoso_milestoneid" value="6f1b75e9-d12e-ed11-9db1-0022481dae3d" />
        <field name="contoso_milestonecode" value="MILE-01009" />
        <field name="contoso_milestonetitle" value="Run trials of cropping strategries" />
        <field name="contoso_projectid" value="36041f9e-d92a-ed11-9db1-002248274563" lookupentity="contoso_project" lookupentityname="Good soil health" />
        <field name="statecode" value="0" />
        <field name="statuscode" value="1" />
      </record>
      <record id="9a0e81f1-d12e-ed11-9db1-0022481dae3d">
        <field name="contoso_milestoneid" value="9a0e81f1-d12e-ed11-9db1-0022481dae3d" />
        <field name="contoso_milestonecode" value="MILE-01010" />
        <field name="contoso_milestonetitle" value="Analyze results of trials" />
        <field name="contoso_projectid" value="36041f9e-d92a-ed11-9db1-002248274563" lookupentity="contoso_project" lookupentityname="Good soil health" />
        <field name="statecode" value="0" />
        <field name="statuscode" value="1" />
      </record>
      <record id="d6d14140-cf2a-ed11-9db1-002248274563">
        <field name="contoso_estimatedcompletiondate" value="2022-10-30T00:00:00.0000000Z" />
        <field name="contoso_milestoneid" value="d6d14140-cf2a-ed11-9db1-002248274563" />
        <field name="contoso_milestonecode" value="MILE-01000" />
        <field name="contoso_milestonedescription" value="Define the acceptable level of a pollutant in the air that will protect public health" />
        <field name="contoso_percentagecomplete" value="0" />
        <field name="contoso_milestonetitle" value="Establish Goals" />
        <field name="contoso_projectid" value="95244d11-be2a-ed11-9db1-002248274563" lookupentity="contoso_project" lookupentityname="Air pollution inventory project" />
        <field name="statecode" value="0" />
        <field name="statuscode" value="1" />
      </record>
      <record id="13f227aa-fa2a-ed11-9db1-002248274563">
        <field name="contoso_milestoneid" value="13f227aa-fa2a-ed11-9db1-002248274563" />
        <field name="contoso_milestonecode" value="MILE-01001" />
        <field name="contoso_percentagecomplete" value="0" />
        <field name="contoso_milestonetitle" value="Determine emission reductions" />
        <field name="contoso_projectid" value="95244d11-be2a-ed11-9db1-002248274563" lookupentity="contoso_project" lookupentityname="Air pollution inventory project" />
        <field name="statecode" value="0" />
        <field name="statuscode" value="1" />
      </record>
    </records>
    <m2mrelationships />
  </entity>
  <entity name="contoso_outcome" displayname="Outcome">
    <records>
      <record id="43998530-b2e8-4800-b7e1-5357449d0dc6">
        <field name="contoso_outcomeid" value="43998530-b2e8-4800-b7e1-5357449d0dc6" />
        <field name="contoso_outcomecode" value="OUT-10006" />
        <field name="contoso_outcometitle" value="Sequestration and storage of carbon" />
        <field name="contoso_tasksassigned" value="False" />
        <field name="statecode" value="0" />
        <field name="statuscode" value="1" />
        <field name="contoso_stakeholdersidentified" value="False" />
        <field name="contoso_taskscompleted" value="False" />
        <field name="contoso_taskscreated" value="False" />
        <field name="contoso_environmentalimpactassessmentcompleted" value="False" />
        <field name="contoso_approved" value="False" />
        <field name="createdby" value="817d9eff-bc25-ed11-9db1-000d3a994376" lookupentity="systemuser" lookupentityname="Lab Student" />
        <field name="createdon" value="2022-09-07T17:17:44.0000000Z" />
        <field name="modifiedby" value="817d9eff-bc25-ed11-9db1-000d3a994376" lookupentity="systemuser" lookupentityname="Lab Student" />
        <field name="modifiedon" value="2022-09-07T17:17:44.0000000Z" />
        <field name="ownerid" value="817d9eff-bc25-ed11-9db1-000d3a994376" lookupentity="systemuser" lookupentityname="Lab Student" />
        <field name="owningbusinessunit" value="8f769eff-bc25-ed11-9db1-000d3a994376" lookupentity="businessunit" lookupentityname="org84b72dc9" />
        <field name="owninguser" value="817d9eff-bc25-ed11-9db1-000d3a994376" lookupentity="systemuser" />
      </record>
      <record id="83362989-b640-4735-b252-7c90bb10e3c4">
        <field name="contoso_outcomeid" value="83362989-b640-4735-b252-7c90bb10e3c4" />
        <field name="contoso_outcomecode" value="OUT-10001" />
        <field name="contoso_outcometitle" value="Reduce smoke inside and outside the home" />
        <field name="contoso_tasksassigned" value="False" />
        <field name="statecode" value="0" />
        <field name="statuscode" value="1" />
        <field name="contoso_stakeholdersidentified" value="False" />
        <field name="contoso_taskscompleted" value="False" />
        <field name="contoso_taskscreated" value="False" />
        <field name="contoso_environmentalimpactassessmentcompleted" value="False" />
        <field name="contoso_goal" value="New goal" />
        <field name="contoso_approved" value="False" />
        <field name="contoso_approveruserid" value="817d9eff-bc25-ed11-9db1-000d3a994376" lookupentity="systemuser" lookupentityname="Lab Student" />
        <field name="createdby" value="817d9eff-bc25-ed11-9db1-000d3a994376" lookupentity="systemuser" lookupentityname="Lab Student" />
        <field name="createdon" value="2022-09-02T20:26:50.0000000Z" />
        <field name="modifiedby" value="817d9eff-bc25-ed11-9db1-000d3a994376" lookupentity="systemuser" lookupentityname="Lab Student" />
        <field name="modifiedon" value="2022-09-07T17:13:36.0000000Z" />
        <field name="ownerid" value="817d9eff-bc25-ed11-9db1-000d3a994376" lookupentity="systemuser" lookupentityname="Lab Student" />
        <field name="owningbusinessunit" value="8f769eff-bc25-ed11-9db1-000d3a994376" lookupentity="businessunit" lookupentityname="org84b72dc9" />
        <field name="owninguser" value="817d9eff-bc25-ed11-9db1-000d3a994376" lookupentity="systemuser" />
        <field name="timezoneruleversionnumber" value="4" />
      </record>
      <record id="9d6dad03-96c3-4d58-86ae-cf7734acfd11">
        <field name="contoso_outcomeid" value="9d6dad03-96c3-4d58-86ae-cf7734acfd11" />
        <field name="contoso_outcomecode" value="OUT-10003" />
        <field name="contoso_outcomedescription" value="Create blogs and videos on best practices for using wood burning stoves in households" />
        <field name="contoso_outcometitle" value="Best Burn Practices" />
        <field name="contoso_tasksassigned" value="False" />
        <field name="statecode" value="0" />
        <field name="statuscode" value="1" />
        <field name="contoso_stakeholdersidentified" value="False" />
        <field name="contoso_taskscompleted" value="False" />
        <field name="contoso_taskscreated" value="False" />
        <field name="contoso_environmentalimpactassessmentcompleted" value="False" />
        <field name="contoso_estimatedcompletiondate" value="2023-09-30T00:00:00.0000000Z" />
        <field name="contoso_approved" value="False" />
        <field name="createdby" value="817d9eff-bc25-ed11-9db1-000d3a994376" lookupentity="systemuser" lookupentityname="Lab Student" />
        <field name="createdon" value="2022-09-07T17:08:16.0000000Z" />
        <field name="modifiedby" value="817d9eff-bc25-ed11-9db1-000d3a994376" lookupentity="systemuser" lookupentityname="Lab Student" />
        <field name="modifiedon" value="2022-09-07T17:08:16.0000000Z" />
        <field name="ownerid" value="817d9eff-bc25-ed11-9db1-000d3a994376" lookupentity="systemuser" lookupentityname="Lab Student" />
        <field name="owningbusinessunit" value="8f769eff-bc25-ed11-9db1-000d3a994376" lookupentity="businessunit" lookupentityname="org84b72dc9" />
        <field name="owninguser" value="817d9eff-bc25-ed11-9db1-000d3a994376" lookupentity="systemuser" />
        <field name="timezoneruleversionnumber" value="4" />
      </record>
      <record id="1c1c84c8-55f3-425b-aeb0-db104e6bdc69">
        <field name="contoso_outcomeid" value="1c1c84c8-55f3-425b-aeb0-db104e6bdc69" />
        <field name="contoso_outcomecode" value="OUT-10004" />
        <field name="contoso_outcometitle" value="Reduce flood risk" />
        <field name="contoso_tasksassigned" value="False" />
        <field name="statecode" value="0" />
        <field name="statuscode" value="1" />
        <field name="contoso_stakeholdersidentified" value="False" />
        <field name="contoso_taskscompleted" value="False" />
        <field name="contoso_taskscreated" value="False" />
        <field name="contoso_environmentalimpactassessmentcompleted" value="False" />
        <field name="contoso_approved" value="False" />
        <field name="createdby" value="817d9eff-bc25-ed11-9db1-000d3a994376" lookupentity="systemuser" lookupentityname="Lab Student" />
        <field name="createdon" value="2022-09-07T17:17:02.0000000Z" />
        <field name="modifiedby" value="817d9eff-bc25-ed11-9db1-000d3a994376" lookupentity="systemuser" lookupentityname="Lab Student" />
        <field name="modifiedon" value="2022-09-07T17:17:02.0000000Z" />
        <field name="ownerid" value="817d9eff-bc25-ed11-9db1-000d3a994376" lookupentity="systemuser" lookupentityname="Lab Student" />
        <field name="owningbusinessunit" value="8f769eff-bc25-ed11-9db1-000d3a994376" lookupentity="businessunit" lookupentityname="org84b72dc9" />
        <field name="owninguser" value="817d9eff-bc25-ed11-9db1-000d3a994376" lookupentity="systemuser" />
      </record>
      <record id="4e2c41bb-9301-4b9a-aa7c-dd4729feaf07">
        <field name="contoso_outcomeid" value="4e2c41bb-9301-4b9a-aa7c-dd4729feaf07" />
        <field name="contoso_outcomecode" value="OUT-10002" />
        <field name="contoso_outcometitle" value="Reduction in premature mortality" />
        <field name="contoso_tasksassigned" value="False" />
        <field name="statecode" value="0" />
        <field name="statuscode" value="1" />
        <field name="contoso_stakeholdersidentified" value="False" />
        <field name="contoso_taskscompleted" value="False" />
        <field name="contoso_taskscreated" value="False" />
        <field name="contoso_environmentalimpactassessmentcompleted" value="False" />
        <field name="contoso_approved" value="False" />
        <field name="createdby" value="817d9eff-bc25-ed11-9db1-000d3a994376" lookupentity="systemuser" lookupentityname="Lab Student" />
        <field name="createdon" value="2022-09-07T16:49:06.0000000Z" />
        <field name="modifiedby" value="817d9eff-bc25-ed11-9db1-000d3a994376" lookupentity="systemuser" lookupentityname="Lab Student" />
        <field name="modifiedon" value="2022-09-07T16:49:06.0000000Z" />
        <field name="ownerid" value="817d9eff-bc25-ed11-9db1-000d3a994376" lookupentity="systemuser" lookupentityname="Lab Student" />
        <field name="owningbusinessunit" value="8f769eff-bc25-ed11-9db1-000d3a994376" lookupentity="businessunit" lookupentityname="org84b72dc9" />
        <field name="owninguser" value="817d9eff-bc25-ed11-9db1-000d3a994376" lookupentity="systemuser" />
      </record>
      <record id="5a42d000-afcd-4a53-b96f-ef94f3a2e412">
        <field name="contoso_outcomeid" value="5a42d000-afcd-4a53-b96f-ef94f3a2e412" />
        <field name="contoso_outcomecode" value="OUT-10005" />
        <field name="contoso_outcometitle" value="Support wildlife habitats and biodiversity" />
        <field name="contoso_tasksassigned" value="False" />
        <field name="statecode" value="0" />
        <field name="statuscode" value="1" />
        <field name="contoso_stakeholdersidentified" value="False" />
        <field name="contoso_taskscompleted" value="False" />
        <field name="contoso_taskscreated" value="False" />
        <field name="contoso_environmentalimpactassessmentcompleted" value="False" />
        <field name="contoso_approved" value="False" />
        <field name="createdby" value="817d9eff-bc25-ed11-9db1-000d3a994376" lookupentity="systemuser" lookupentityname="Lab Student" />
        <field name="createdon" value="2022-09-07T17:17:22.0000000Z" />
        <field name="modifiedby" value="817d9eff-bc25-ed11-9db1-000d3a994376" lookupentity="systemuser" lookupentityname="Lab Student" />
        <field name="modifiedon" value="2022-09-07T17:17:22.0000000Z" />
        <field name="ownerid" value="817d9eff-bc25-ed11-9db1-000d3a994376" lookupentity="systemuser" lookupentityname="Lab Student" />
        <field name="owningbusinessunit" value="8f769eff-bc25-ed11-9db1-000d3a994376" lookupentity="businessunit" lookupentityname="org84b72dc9" />
        <field name="owninguser" value="817d9eff-bc25-ed11-9db1-000d3a994376" lookupentity="systemuser" />
      </record>
    </records>
    <m2mrelationships>
      <m2mrelationship sourceid="43998530-b2e8-4800-b7e1-5357449d0dc6" targetentityname="contoso_project" targetentitynameidfield="contoso_projectid" m2mrelationshipname="contoso_project_outcome_link">
        <targetids>
          <targetid>36041f9e-d92a-ed11-9db1-002248274563</targetid>
        </targetids>
      </m2mrelationship>
      <m2mrelationship sourceid="9d6dad03-96c3-4d58-86ae-cf7734acfd11" targetentityname="contoso_project" targetentitynameidfield="contoso_projectid" m2mrelationshipname="contoso_project_outcome_link">
        <targetids>
          <targetid>5a5816f9-d92a-ed11-9db1-002248274563</targetid>
        </targetids>
      </m2mrelationship>
      <m2mrelationship sourceid="1c1c84c8-55f3-425b-aeb0-db104e6bdc69" targetentityname="contoso_project" targetentitynameidfield="contoso_projectid" m2mrelationshipname="contoso_project_outcome_link">
        <targetids>
          <targetid>36041f9e-d92a-ed11-9db1-002248274563</targetid>
        </targetids>
      </m2mrelationship>
      <m2mrelationship sourceid="4e2c41bb-9301-4b9a-aa7c-dd4729feaf07" targetentityname="contoso_project" targetentitynameidfield="contoso_projectid" m2mrelationshipname="contoso_project_outcome_link">
        <targetids>
          <targetid>95244d11-be2a-ed11-9db1-002248274563</targetid>
        </targetids>
      </m2mrelationship>
      <m2mrelationship sourceid="5a42d000-afcd-4a53-b96f-ef94f3a2e412" targetentityname="contoso_project" targetentitynameidfield="contoso_projectid" m2mrelationshipname="contoso_project_outcome_link">
        <targetids>
          <targetid>36041f9e-d92a-ed11-9db1-002248274563</targetid>
        </targetids>
      </m2mrelationship>
    </m2mrelationships>
  </entity>
  <entity name="contoso_program" displayname="Program">
    <records>
      <record id="e16eebe3-ca2e-ed11-9db1-0022481dae3d">
        <field name="contoso_programid" value="e16eebe3-ca2e-ed11-9db1-0022481dae3d" />
        <field name="contoso_programdescription" value="This program seeks to reduce electricity consumption support efforts to reduce building energy intensity and increase usage of renewable energy." />
        <field name="contoso_programname" value="Energy Management" />
        <field name="contoso_programenddate" value="2029-12-31T00:00:00.0000000Z" />
        <field name="contoso_programstartdate" value="2022-01-01T00:00:00.0000000Z" />
        <field name="statecode" value="0" />
        <field name="statuscode" value="1" />
      </record>
      <record id="b9b15a0b-cb2e-ed11-9db1-0022481dae3d">
        <field name="contoso_programid" value="b9b15a0b-cb2e-ed11-9db1-0022481dae3d" />
        <field name="contoso_programdescription" value="This program follows integrated pest management (IPM) principles when controlling pests inside buildings, and on grounds through limited pesticide application in a manner that is effective yet safe for the environment, personnel, and research activities." />
        <field name="contoso_programname" value="Pesticides" />
        <field name="contoso_programenddate" value="2026-03-30T00:00:00.0000000Z" />
        <field name="contoso_programstartdate" value="2023-01-01T00:00:00.0000000Z" />
        <field name="contoso_sponsoraccountid" value="99cb8e99-bb2a-ed11-9db1-000d3a53a6df" lookupentity="account" lookupentityname="Contoso Pharmaceuticals" />
        <field name="contoso_sponsorcontactid" value="adcb8e99-bb2a-ed11-9db1-000d3a53a6df" lookupentity="contact" lookupentityname="Robert Lyon" />
        <field name="statecode" value="0" />
        <field name="statuscode" value="1" />
      </record>
      <record id="a2a26b23-cb2e-ed11-9db1-0022481dae3d">
        <field name="contoso_programid" value="a2a26b23-cb2e-ed11-9db1-0022481dae3d" />
        <field name="contoso_programdescription" value="This program reduces the potential for pollutants to enter the sanitary sewer system through effective pre-treatment, source reduction, proper chemical disposal, and other wastewater management programs" />
        <field name="contoso_programname" value="Wastewater" />
        <field name="contoso_programenddate" value="2027-03-30T00:00:00.0000000Z" />
        <field name="contoso_programstartdate" value="2022-04-01T00:00:00.0000000Z" />
        <field name="statecode" value="0" />
        <field name="statuscode" value="1" />
      </record>
      <record id="03126749-cb2e-ed11-9db1-0022481dae3d">
        <field name="contoso_programid" value="03126749-cb2e-ed11-9db1-0022481dae3d" />
        <field name="contoso_programdescription" value="This program focuses on reducing the potential for and chemical spills, and minimizing the impact of construction projects on the stormwater systems." />
        <field name="contoso_programname" value="Stormwater Management" />
        <field name="contoso_programenddate" value="2025-09-30T00:00:00.0000000Z" />
        <field name="contoso_programstartdate" value="2023-10-01T00:00:00.0000000Z" />
        <field name="contoso_sponsoraccountid" value="2e4913d3-c82e-ed11-9db1-0022481dae3d" lookupentity="account" lookupentityname="Proseware, Inc." />
        <field name="contoso_sponsorcontactid" value="8bf9c0a2-c92e-ed11-9db1-0022481dae3d" lookupentity="contact" lookupentityname="Tom Perham" />
        <field name="statecode" value="0" />
        <field name="statuscode" value="1" />
      </record>
      <record id="1cb02497-cb2e-ed11-9db1-0022481dae3d">
        <field name="contoso_programid" value="1cb02497-cb2e-ed11-9db1-0022481dae3d" />
        <field name="contoso_programdescription" value="The environmental farming scheme offers farmers a range of environmental measures" />
        <field name="contoso_programname" value="Environmental Farming" />
        <field name="contoso_programenddate" value="2026-12-31T00:00:00.0000000Z" />
        <field name="contoso_programstartdate" value="2020-01-01T00:00:00.0000000Z" />
        <field name="contoso_sponsoraccountid" value="084fd8dc-c82e-ed11-9db1-0022481dae3d" lookupentity="account" lookupentityname="Munson's Pickles and Preserves Farm" />
        <field name="statecode" value="0" />
        <field name="statuscode" value="1" />
      </record>
      <record id="c32ff601-be2a-ed11-9db1-002248274563">
        <field name="contoso_programid" value="c32ff601-be2a-ed11-9db1-002248274563" />
        <field name="contoso_programdescription" value="This program includes performance standards for the boilers, emergency generators and incinerators. This program also encourages and supports alternative transportation including bus, carpool, and telework options." />
        <field name="contoso_programname" value="Building Air Emissions" />
        <field name="contoso_programenddate" value="2025-07-31T00:00:00.0000000Z" />
        <field name="contoso_programstartdate" value="2022-09-01T00:00:00.0000000Z" />
        <field name="contoso_sponsoraccountid" value="4814ce66-c92e-ed11-9db1-0022481dae3d" lookupentity="account" lookupentityname="Trey Research" />
        <field name="contoso_sponsorcontactid" value="8b650a7e-c92e-ed11-9db1-0022481dae3d" lookupentity="contact" lookupentityname="Kim Abercrombie" />
        <field name="statecode" value="0" />
        <field name="statuscode" value="1" />
      </record>
    </records>
    <m2mrelationships />
  </entity>
  <entity name="contoso_project" displayname="Project">
    <records>
      <record id="95244d11-be2a-ed11-9db1-002248274563">
        <field name="contoso_estimatedenddate" value="2022-12-31T00:00:00.0000000Z" />
        <field name="contoso_projectid" value="95244d11-be2a-ed11-9db1-002248274563" />
        <field name="contoso_programid" value="c32ff601-be2a-ed11-9db1-002248274563" lookupentity="contoso_program" lookupentityname="Building Air Emissions" />
        <field name="contoso_projectdescription" value="An emissions inventory is a measure of the pollution released into the environment.  The data collected by an emissions inventory enables prioritization of options to reduce emissions and to monitor progress towards emission reduction targets." />
        <field name="contoso_projectstatus" value="330650000" />
        <field name="contoso_projecttitle" value="Air pollution inventory project" />
        <field name="contoso_projecttypeid" value="9cd68a3c-bb2a-ed11-9db1-002248274563" lookupentity="contoso_projecttype" lookupentityname="Air" />
        <field name="contoso_regionid" value="2726546e-bb2a-ed11-9db1-002248274563" lookupentity="contoso_region" lookupentityname="East" />
        <field name="contoso_scheduledenddate" value="2022-12-31T00:00:00.0000000Z" />
        <field name="contoso_scheduledstartdate" value="2022-09-01T00:00:00.0000000Z" />
        <field name="statecode" value="0" />
        <field name="statuscode" value="1" />
      </record>
      <record id="36041f9e-d92a-ed11-9db1-002248274563">
        <field name="contoso_projectid" value="36041f9e-d92a-ed11-9db1-002248274563" />
        <field name="contoso_programid" value="1cb02497-cb2e-ed11-9db1-0022481dae3d" lookupentity="contoso_program" lookupentityname="Environmental Farming" />
        <field name="contoso_projectdescription" value="Investing in the health of soil is a key cornerstone to help ensure the future of sustainable food production, This project looks at different cropping strategies and how they each affect soil health." />
        <field name="contoso_projectstatus" value="330650001" />
        <field name="contoso_projecttitle" value="Good soil health" />
        <field name="contoso_projecttypeid" value="9fd68a3c-bb2a-ed11-9db1-002248274563" lookupentity="contoso_projecttype" lookupentityname="Soil" />
        <field name="contoso_regionid" value="51150dc9-c92e-ed11-9db1-0022481dae3d" lookupentity="contoso_region" lookupentityname="Small Country" />
        <field name="contoso_scheduledstartdate" value="2023-01-01T00:00:00.0000000Z" />
        <field name="statecode" value="0" />
        <field name="statuscode" value="1" />
      </record>
      <record id="5a5816f9-d92a-ed11-9db1-002248274563">
        <field name="contoso_actualstartdate" value="2022-09-01T00:00:00.0000000Z" />
        <field name="contoso_estimatedenddate" value="2023-06-30T00:00:00.0000000Z" />
        <field name="contoso_projectid" value="5a5816f9-d92a-ed11-9db1-002248274563" />
        <field name="contoso_programid" value="c32ff601-be2a-ed11-9db1-002248274563" lookupentity="contoso_program" lookupentityname="Building Air Emissions" />
        <field name="contoso_projectdescription" value="A properly installed, correctly used wood-burning appliance should be smoke free." />
        <field name="contoso_projectstatus" value="330650001" />
        <field name="contoso_projecttitle" value="Wood fire air quality project" />
        <field name="contoso_projecttypeid" value="9cd68a3c-bb2a-ed11-9db1-002248274563" lookupentity="contoso_projecttype" lookupentityname="Air" />
        <field name="contoso_regionid" value="6d3cf5b5-c92e-ed11-9db1-0022481dae3d" lookupentity="contoso_region" lookupentityname="South" />
        <field name="contoso_scheduledenddate" value="2023-07-01T00:00:00.0000000Z" />
        <field name="contoso_scheduledstartdate" value="2022-09-01T00:00:00.0000000Z" />
        <field name="statecode" value="0" />
        <field name="statuscode" value="1" />
      </record>
    </records>
    <m2mrelationships />
  </entity>
  <entity name="contoso_projectfunding" displayname="Project Funding">
    <records>
      <record id="2e516bf3-ce2e-ed11-9db1-0022481dae3d">
        <field name="contoso_funderaccountid" value="f2136219-c92e-ed11-9db1-0022481dae3d" lookupentity="account" lookupentityname="Lamna Healthcare Company" />
        <field name="contoso_fundingname" value="Wood fire air Quality project | Lamna Healthcare Company | 50%" />
        <field name="contoso_fundingpercentage" value="50" />
        <field name="contoso_projectid" value="5a5816f9-d92a-ed11-9db1-002248274563" lookupentity="contoso_project" lookupentityname="Wood fire air quality project" />
        <field name="contoso_projectfundingid" value="2e516bf3-ce2e-ed11-9db1-0022481dae3d" />
        <field name="statecode" value="0" />
        <field name="statuscode" value="1" />
      </record>
      <record id="fce3f1fa-ce2e-ed11-9db1-0022481dae3d">
        <field name="contoso_funderaccountid" value="7f4442ec-c82e-ed11-9db1-0022481dae3d" lookupentity="account" lookupentityname="Relecloud" />
        <field name="contoso_fundingname" value="Wood fire air Quality project | Relecloud | 50%" />
        <field name="contoso_fundingpercentage" value="50" />
        <field name="contoso_projectid" value="5a5816f9-d92a-ed11-9db1-002248274563" lookupentity="contoso_project" lookupentityname="Wood fire air quality project" />
        <field name="contoso_projectfundingid" value="fce3f1fa-ce2e-ed11-9db1-0022481dae3d" />
        <field name="statecode" value="0" />
        <field name="statuscode" value="1" />
      </record>
      <record id="b24af90a-d12e-ed11-9db1-0022481dae3d">
        <field name="contoso_funderaccountid" value="cf6ca4f9-c82e-ed11-9db1-0022481dae3d" lookupentity="account" lookupentityname="Liberty's Delightful Bakery &amp; Cafe" />
        <field name="contoso_fundingname" value="Second Project | Liberty&amp;#39;s Delightful Bakery &amp;amp; Cafe | 0%" />
        <field name="contoso_projectid" value="36041f9e-d92a-ed11-9db1-002248274563" lookupentity="contoso_project" lookupentityname="Good soil health" />
        <field name="contoso_projectfundingid" value="b24af90a-d12e-ed11-9db1-0022481dae3d" />
        <field name="statecode" value="0" />
        <field name="statuscode" value="1" />
      </record>
      <record id="710dfff9-c02a-ed11-9db1-002248274563">
        <field name="contoso_funderaccountid" value="9dcb8e99-bb2a-ed11-9db1-000d3a53a6df" lookupentity="account" lookupentityname="A. Datum Corporation" />
        <field name="contoso_fundingname" value="Test Project | A. Datum Corporation (sample) | 100%" />
        <field name="contoso_fundingpercentage" value="100" />
        <field name="contoso_projectid" value="95244d11-be2a-ed11-9db1-002248274563" lookupentity="contoso_project" lookupentityname="Air pollution inventory project" />
        <field name="contoso_projectfundingid" value="710dfff9-c02a-ed11-9db1-002248274563" />
        <field name="statecode" value="0" />
        <field name="statuscode" value="1" />
      </record>
    </records>
    <m2mrelationships />
  </entity>
  <entity name="contoso_projectresource" displayname="Project Resource">
    <records>
      <record id="41f92e36-d02e-ed11-9db1-0022481dae3d">
        <field name="contoso_projectid" value="5a5816f9-d92a-ed11-9db1-002248274563" lookupentity="contoso_project" lookupentityname="Wood fire air quality project" />
        <field name="contoso_projectresourceid" value="41f92e36-d02e-ed11-9db1-0022481dae3d" />
        <field name="contoso_projectrole" value="330650001" />
        <field name="contoso_resourceid" value="0712e930-ca2e-ed11-9db1-0022481dae3d" lookupentity="contoso_resource" lookupentityname="Grigory Pogulsky" />
        <field name="statecode" value="0" />
        <field name="statuscode" value="5" />
        <field name="contoso_projectresourcename" value="Wood fire air quality project | Grigory Pogulsky " />
      </record>
      <record id="3f4e3e3d-d02e-ed11-9db1-0022481dae3d">
        <field name="contoso_projectid" value="5a5816f9-d92a-ed11-9db1-002248274563" lookupentity="contoso_project" lookupentityname="Wood fire air quality project" />
        <field name="contoso_projectresourceid" value="3f4e3e3d-d02e-ed11-9db1-0022481dae3d" />
        <field name="contoso_projectrole" value="330650002" />
        <field name="contoso_resourceid" value="68d0a23f-c32a-ed11-9db1-002248274563" lookupentity="contoso_resource" lookupentityname="Sidney Higa" />
        <field name="statecode" value="0" />
        <field name="statuscode" value="5" />
        <field name="contoso_projectresourcename" value="Wood fire air quality project | Sidney Higa " />
      </record>
      <record id="51e12b57-be2a-ed11-9db1-002248274563">
        <field name="contoso_projectid" value="95244d11-be2a-ed11-9db1-002248274563" lookupentity="contoso_project" lookupentityname="Air pollution inventory project" />
        <field name="contoso_projectresourceid" value="51e12b57-be2a-ed11-9db1-002248274563" />
        <field name="contoso_projectrole" value="330650000" />
        <field name="contoso_resourceid" value="68d0a23f-c32a-ed11-9db1-002248274563" lookupentity="contoso_resource" lookupentityname="Sidney Higa" />
        <field name="statecode" value="0" />
        <field name="statuscode" value="1" />
        <field name="contoso_projectresourcename" value="Air pollution inventory project | Sidney Higa " />
      </record>
      <record id="767bfb54-c32a-ed11-9db1-002248274563">
        <field name="contoso_projectid" value="95244d11-be2a-ed11-9db1-002248274563" lookupentity="contoso_project" lookupentityname="Air pollution inventory project" />
        <field name="contoso_projectresourceid" value="767bfb54-c32a-ed11-9db1-002248274563" />
        <field name="contoso_projectrole" value="330650002" />
        <field name="contoso_resourceid" value="9735c241-ca2e-ed11-9db1-0022481dae3d" lookupentity="contoso_resource" lookupentityname="Marek Rolecki" />
        <field name="statecode" value="0" />
        <field name="statuscode" value="1" />
        <field name="contoso_projectresourcename" value="Air pollution inventory project | Marek Rolecki " />
      </record>
    </records>
    <m2mrelationships />
  </entity>
  <entity name="contoso_projecttype" displayname="Project Type">
    <records>
      <record id="e9cc0536-bb2a-ed11-9db1-002248274563">
        <field name="contoso_name" value="Water" />
        <field name="contoso_projecttypeid" value="e9cc0536-bb2a-ed11-9db1-002248274563" />
      </record>
      <record id="9cd68a3c-bb2a-ed11-9db1-002248274563">
        <field name="contoso_name" value="Air" />
        <field name="contoso_projecttypeid" value="9cd68a3c-bb2a-ed11-9db1-002248274563" />
      </record>
      <record id="9fd68a3c-bb2a-ed11-9db1-002248274563">
        <field name="contoso_name" value="Soil" />
        <field name="contoso_projecttypeid" value="9fd68a3c-bb2a-ed11-9db1-002248274563" />
      </record>
    </records>
    <m2mrelationships />
  </entity>
  <entity name="contoso_region" displayname="Region">
    <records>
      <record id="6b3cf5b5-c92e-ed11-9db1-0022481dae3d">
        <field name="contoso_regionid" value="6b3cf5b5-c92e-ed11-9db1-0022481dae3d" />
        <field name="contoso_regionname" value="North" />
      </record>
      <record id="6d3cf5b5-c92e-ed11-9db1-0022481dae3d">
        <field name="contoso_regionid" value="6d3cf5b5-c92e-ed11-9db1-0022481dae3d" />
        <field name="contoso_regionname" value="South" />
      </record>
      <record id="2e0cdfbe-c92e-ed11-9db1-0022481dae3d">
        <field name="contoso_regionid" value="2e0cdfbe-c92e-ed11-9db1-0022481dae3d" />
        <field name="contoso_regionname" value="Big Country" />
      </record>
      <record id="51150dc9-c92e-ed11-9db1-0022481dae3d">
        <field name="contoso_regionid" value="51150dc9-c92e-ed11-9db1-0022481dae3d" />
        <field name="contoso_regionname" value="Small Country" />
      </record>
      <record id="2726546e-bb2a-ed11-9db1-002248274563">
        <field name="contoso_regionid" value="2726546e-bb2a-ed11-9db1-002248274563" />
        <field name="contoso_regionname" value="East" />
      </record>
      <record id="2926546e-bb2a-ed11-9db1-002248274563">
        <field name="contoso_regionid" value="2926546e-bb2a-ed11-9db1-002248274563" />
        <field name="contoso_regionname" value="West" />
      </record>
    </records>
    <m2mrelationships />
  </entity>
  <entity name="contoso_resource" displayname="Resource">
    <records>
      <record id="b4e820ee-c92e-ed11-9db1-0022481dae3d">
        <field name="contoso_resourceid" value="b4e820ee-c92e-ed11-9db1-0022481dae3d" />
        <field name="contoso_resourcename" value="Mark Alexieff" />
        <field name="contoso_resourcetype" value="330650001" />
        <field name="statecode" value="0" />
        <field name="statuscode" value="1" />
        <field name="contoso_contactid" value="8ceb44e3-c92e-ed11-9db1-0022481dae3d" lookupentity="contact" lookupentityname="Mark Alexieff" />
      </record>
      <record id="0712e930-ca2e-ed11-9db1-0022481dae3d">
        <field name="contoso_resourceid" value="0712e930-ca2e-ed11-9db1-0022481dae3d" />
        <field name="contoso_resourcename" value="Grigory Pogulsky" />
        <field name="statecode" value="0" />
        <field name="statuscode" value="1" />
      </record>
      <record id="9735c241-ca2e-ed11-9db1-0022481dae3d">
        <field name="contoso_resourceid" value="9735c241-ca2e-ed11-9db1-0022481dae3d" />
        <field name="contoso_resourcename" value="Marek Rolecki" />
        <field name="contoso_resourcetype" value="330650001" />
        <field name="statecode" value="0" />
        <field name="statuscode" value="1" />
        <field name="contoso_contactid" value="9535c241-ca2e-ed11-9db1-0022481dae3d" lookupentity="contact" lookupentityname="Marek Rolecki" />
      </record>
      <record id="a2a43d50-ca2e-ed11-9db1-0022481dae3d">
        <field name="contoso_resourceid" value="a2a43d50-ca2e-ed11-9db1-0022481dae3d" />
        <field name="contoso_resourcename" value="Sabine Royant" />
        <field name="statecode" value="0" />
        <field name="statuscode" value="1" />
      </record>
      <record id="b26de062-ca2e-ed11-9db1-0022481dae3d">
        <field name="contoso_resourceid" value="b26de062-ca2e-ed11-9db1-0022481dae3d" />
        <field name="contoso_resourcename" value="Pedro Ruivo" />
        <field name="contoso_resourcetype" value="330650001" />
        <field name="statecode" value="0" />
        <field name="statuscode" value="1" />
        <field name="contoso_contactid" value="31a21659-ca2e-ed11-9db1-0022481dae3d" lookupentity="contact" lookupentityname="Pedro Ruivo" />
      </record>
      <record id="68d0a23f-c32a-ed11-9db1-002248274563">
        <field name="contoso_resourceid" value="68d0a23f-c32a-ed11-9db1-002248274563" />
        <field name="contoso_resourcename" value="Sidney Higa" />
        <field name="contoso_resourcetype" value="330650001" />
        <field name="statecode" value="0" />
        <field name="statuscode" value="1" />
        <field name="contoso_contactid" value="a9cb8e99-bb2a-ed11-9db1-000d3a53a6df" lookupentity="contact" lookupentityname="Sidney Higa" />
      </record>
    </records>
    <m2mrelationships />
  </entity>
  <entity name="task" displayname="Task">
    <records>
      <record id="ac141253-cf2a-ed11-9db1-002248274563">
        <field name="description" value="Define the acceptable level of a pollutant in the air that will protect public health" />
        <field name="actualdurationminutes" value="4320" />
        <field name="statuscode" value="2" />
        <field name="subject" value="Define goals" />
        <field name="activityid" value="ac141253-cf2a-ed11-9db1-002248274563" />
        <field name="regardingobjectid" value="d6d14140-cf2a-ed11-9db1-002248274563" lookupentity="contoso_milestone" lookupentityname="Test Milestone" />
        <field name="prioritycode" value="1" />
        <field name="activitytypecode" value="task" />
        <field name="statecode" value="0" />
        <field name="isregularactivity" value="True" />
        <field name="isworkflowcreated" value="False" />
      </record>
    </records>
    <m2mrelationships />
  </entity>
</entities>