<entities >
  <entity name="account" displayname="Account" etc="1" primaryidfield="accountid" primarynamefield="name" disableplugins="false">
    <fields>
      <field displayname="Account" name="accountid" type="guid" primaryKey="true" />
      <field displayname="Account Name" name="name" type="string" />
      <field displayname="Main Phone" name="telephone1" type="string" />
      <field displayname="Website" name="websiteurl" type="string" />
      <field displayname="Address 1: City" name="address1_city" type="string" />
      <field displayname="Address 1: Street 1" name="address1_line1" type="string" />
      <field displayname="Address 1: State/Province" name="address1_stateorprovince" type="string" />
      <field displayname="Address 1: Country/Region" name="address1_country" type="string" />
      <field displayname="Address 1: ZIP/Postal Code" name="address1_postalcode" type="string" />
      <field displayname="Parent Account" name="parentaccountid" type="entityreference" lookupType="account" />
    </fields>
  </entity>
  <entity name="contact" displayname="Contact" etc="2" primaryidfield="contactid" primarynamefield="fullname" disableplugins="false">
    <fields>
      <field displayname="Job Title" name="jobtitle" type="string" />
      <field displayname="Last Name" name="lastname" type="string" />
      <field displayname="First Name" name="firstname" type="string" />
      <field displayname="Email" name="emailaddress1" type="string" />
      <field displayname="Company Name" name="parentcustomerid" type="entityreference" lookupType="account|contact" />
      <field displayname="Contact" name="contactid" type="guid" primaryKey="true" />
    </fields>
  </entity>
  <entity name="contoso_milestone" displayname="Milestone" etc="10211" primaryidfield="contoso_milestoneid" primarynamefield="contoso_milestonetitle" disableplugins="false">
    <fields>
      <field displayname="Estimated Completion Date" name="contoso_estimatedcompletiondate" type="datetime" customfield="true" />
      <field displayname="Milestone" name="contoso_milestoneid" type="guid" primaryKey="true" />
      <field displayname="Milestone Code" name="contoso_milestonecode" type="string" customfield="true" />
      <field displayname="Milestone Description" name="contoso_milestonedescription" type="string" customfield="true" />
      <field displayname="Milestone Percentage Complete" name="contoso_percentagecomplete" type="number" customfield="true" />
      <field displayname="Milestone Title" name="contoso_milestonetitle" type="string" customfield="true" />
      <field displayname="Project" name="contoso_projectid" type="entityreference" lookupType="contoso_project" customfield="true" />
      <field displayname="Status" name="statecode" type="state" />
      <field displayname="Status Reason" name="statuscode" type="status" />
    </fields>
  </entity>
  <entity name="contoso_outcome" displayname="Outcome" etc="10212" primaryidfield="contoso_outcomeid" primarynamefield="contoso_outcometitle" disableplugins="false">
    <fields>
      <field displayname="Outcome" name="contoso_outcomeid" type="guid" primaryKey="true" />
      <field displayname="Outcome Code" name="contoso_outcomecode" type="string" customfield="true" />
      <field displayname="Outcome Description" name="contoso_outcomedescription" type="string" customfield="true" />
      <field displayname="Outcome Title" name="contoso_outcometitle" type="string" customfield="true" />
      <field displayname="Target Aim" name="contoso_targetaim" type="optionsetvalue" customfield="true" />
      <field displayname="Tasks assigned" name="contoso_tasksassigned" type="bool" customfield="true" />
      <field displayname="Status" name="statecode" type="state" />
      <field displayname="Status Reason" name="statuscode" type="status" />
      <field displayname="Stakeholders identified" name="contoso_stakeholdersidentified" type="bool" customfield="true" />
      <field displayname="Tasks completed" name="contoso_taskscompleted" type="bool" customfield="true" />
      <field displayname="Tasks created" name="contoso_taskscreated" type="bool" customfield="true" />
      <field displayname="Environmental impact assessment completed" name="contoso_environmentalimpactassessmentcompleted" type="bool" customfield="true" />
      <field displayname="Estimated Completion Date" name="contoso_estimatedcompletiondate" type="datetime" customfield="true" />
      <field displayname="Goal" name="contoso_goal" type="string" customfield="true" />
      <field displayname="Approved" name="contoso_approved" type="bool" customfield="true" />
      <field displayname="Approver" name="contoso_approveruserid" type="entityreference" lookupType="systemuser" customfield="true" />
      <field displayname="(Deprecated) Stage Id" name="stageid" type="guid" />
      <field displayname="Created By" name="createdby" type="entityreference" lookupType="systemuser" />
      <field displayname="Created By (Delegate)" name="createdonbehalfby" type="entityreference" lookupType="systemuser" />
      <field displayname="Created On" name="createdon" type="datetime" />
      <field displayname="Import Sequence Number" name="importsequencenumber" type="number" />
      <field displayname="Modified By" name="modifiedby" type="entityreference" lookupType="systemuser" />
      <field displayname="Modified By (Delegate)" name="modifiedonbehalfby" type="entityreference" lookupType="systemuser" />
      <field displayname="Modified On" name="modifiedon" type="datetime" />
      <field displayname="Owner" name="ownerid" type="owner" />
      <field displayname="Owning Business Unit" name="owningbusinessunit" type="entityreference" lookupType="businessunit" />
      <field displayname="Owning Team" name="owningteam" type="entityreference" lookupType="team" />
      <field displayname="Owning User" name="owninguser" type="entityreference" lookupType="systemuser" />
      <field displayname="Process Id" name="processid" type="guid" />
      <field displayname="Record Created On" name="overriddencreatedon" type="datetime" />
      <field displayname="Time Zone Rule Version Number" name="timezoneruleversionnumber" type="number" />
      <field displayname="UTC Conversion Time Zone Code" name="utcconversiontimezonecode" type="number" />
      <field displayname="Version Number" name="versionnumber" type="bigint" />
    </fields>
    <relationships>
      <relationship name="contoso_project_outcome_link" manyToMany="true" isreflexive="false" relatedEntityName="contoso_project_outcome_link" m2mTargetEntity="contoso_project" m2mTargetEntityPrimaryKey="contoso_projectid" />
    </relationships>
  </entity>
  <entity name="contoso_program" displayname="Program" etc="10185" primaryidfield="contoso_programid" primarynamefield="contoso_programname" disableplugins="false">
    <fields>
      <field displayname="Program" name="contoso_programid" type="guid" primaryKey="true" />
      <field displayname="Program Description" name="contoso_programdescription" type="string" customfield="true" />
      <field displayname="Program Name" name="contoso_programname" type="string" customfield="true" />
      <field displayname="Program End" name="contoso_programenddate" type="datetime" customfield="true" />
      <field displayname="Program Start" name="contoso_programstartdate" type="datetime" customfield="true" />
      <field displayname="Sponsor" name="contoso_sponsoraccountid" type="entityreference" lookupType="account" customfield="true" />
      <field displayname="Sponsor Main Contact" name="contoso_sponsorcontactid" type="entityreference" lookupType="contact" customfield="true" />
      <field displayname="Status" name="statecode" type="state" />
      <field displayname="Status Reason" name="statuscode" type="status" />
    </fields>
  </entity>
  <entity name="contoso_project" displayname="Project" etc="10195" primaryidfield="contoso_projectid" primarynamefield="contoso_projecttitle" disableplugins="false">
    <fields>
      <field displayname="Actual End" name="contoso_actualenddate" type="datetime" customfield="true" />
      <field displayname="Actual Start" name="contoso_actualstartdate" type="datetime" customfield="true" />
      <field displayname="Estimated End" name="contoso_estimatedenddate" type="datetime" customfield="true" />
      <field displayname="Project" name="contoso_projectid" type="guid" primaryKey="true" />
      <field displayname="Program" name="contoso_programid" type="entityreference" lookupType="contoso_program" customfield="true" />
      <field displayname="Project Description" name="contoso_projectdescription" type="string" customfield="true" />
      <field displayname="Project Status" name="contoso_projectstatus" type="optionsetvalue" customfield="true" />
      <field displayname="Project Title" name="contoso_projecttitle" type="string" customfield="true" />
      <field displayname="Project Type" name="contoso_projecttypeid" type="entityreference" lookupType="contoso_projecttype" customfield="true" />
      <field displayname="Region" name="contoso_regionid" type="entityreference" lookupType="contoso_region" customfield="true" />
      <field displayname="Scheduled End" name="contoso_scheduledenddate" type="datetime" customfield="true" />
      <field displayname="Scheduled Start" name="contoso_scheduledstartdate" type="datetime" customfield="true" />
      <field displayname="Status" name="statecode" type="state" />
      <field displayname="Status Reason" name="statuscode" type="status" />
    </fields>
  </entity>
  <entity name="contoso_projectfunding" displayname="Project Funding" etc="10210" primaryidfield="contoso_projectfundingid" primarynamefield="contoso_fundingname" disableplugins="false">
    <fields>
      <field displayname="Funder" name="contoso_funderaccountid" type="entityreference" lookupType="account" customfield="true" />
      <field displayname="Funding Name" name="contoso_fundingname" type="string" customfield="true" />
      <field displayname="Funding Percentage" name="contoso_fundingpercentage" type="number" customfield="true" />
      <field displayname="Project" name="contoso_projectid" type="entityreference" lookupType="contoso_project" customfield="true" />
      <field displayname="Project Funding" name="contoso_projectfundingid" type="guid" primaryKey="true" />
      <field displayname="Status" name="statecode" type="state" />
      <field displayname="Status Reason" name="statuscode" type="status" />
    </fields>
  </entity>
  <entity name="contoso_projectresource" displayname="Project Resource" etc="10213" primaryidfield="contoso_projectresourceid" primarynamefield="contoso_projectresourcename" disableplugins="false">
    <fields>
      <field displayname="Project" name="contoso_projectid" type="entityreference" lookupType="contoso_project" customfield="true" />
      <field displayname="Project Resource" name="contoso_projectresourceid" type="guid" primaryKey="true" />
      <field displayname="Project Role" name="contoso_projectrole" type="optionsetvalue" customfield="true" />
      <field displayname="Resource" name="contoso_resourceid" type="entityreference" lookupType="contoso_resource" customfield="true" />
      <field displayname="Start" name="contoso_startdate" type="datetime" customfield="true" />
      <field displayname="Status" name="statecode" type="state" />
      <field displayname="Status Reason" name="statuscode" type="status" />
      <field displayname="End" name="contoso_enddate" type="datetime" customfield="true" />
      <field displayname="Name" name="contoso_projectresourcename" type="string" customfield="true" />
    </fields>
  </entity>
  <entity name="contoso_projecttype" displayname="Project Type" etc="10220" primaryidfield="contoso_projecttypeid" primarynamefield="contoso_name" disableplugins="false">
    <fields>
      <field displayname="Name" name="contoso_name" type="string" customfield="true" />
      <field displayname="Project Type" name="contoso_projecttypeid" type="guid" primaryKey="true" />
    </fields>
  </entity>
  <entity name="contoso_region" displayname="Region" etc="10216" primaryidfield="contoso_regionid" primarynamefield="contoso_regionname" disableplugins="false">
    <fields>
      <field displayname="Region" name="contoso_regionid" type="guid" primaryKey="true" />
      <field displayname="Region Name" name="contoso_regionname" type="string" customfield="true" />
    </fields>
  </entity>
  <entity name="contoso_resource" displayname="Resource" etc="10215" primaryidfield="contoso_resourceid" primarynamefield="contoso_resourcename" disableplugins="false">
    <fields>
      <field displayname="Resource" name="contoso_resourceid" type="guid" primaryKey="true" />
      <field displayname="Resource Name" name="contoso_resourcename" type="string" customfield="true" />
      <field displayname="Resource Type" name="contoso_resourcetype" type="optionsetvalue" customfield="true" />
      <field displayname="Status" name="statecode" type="state" />
      <field displayname="Status Reason" name="statuscode" type="status" />
      <field displayname="Contact" name="contoso_contactid" type="entityreference" lookupType="contact" customfield="true" />
      <field displayname="User" name="contoso_systemuserid" type="entityreference" lookupType="systemuser" customfield="true" />
    </fields>
  </entity>
  <entity name="task" displayname="Task" etc="4212" primaryidfield="activityid" primarynamefield="subject" disableplugins="false">
    <fields>
      <field displayname="Description" name="description" type="string" />
      <field displayname="Due Date" name="scheduledend" type="datetime" />
      <field displayname="Duration" name="actualdurationminutes" type="number" />
      <field displayname="Status Reason" name="statuscode" type="status" />
      <field displayname="Subject" name="subject" type="string" />
      <field displayname="Task" name="activityid" type="guid" primaryKey="true" />
      <field displayname="Start Date" name="scheduledstart" type="datetime" />
      <field displayname="Regarding" name="regardingobjectid" type="entityreference" lookupType="account|adx_ad|adx_adplacement|adx_invitation|adx_poll|adx_polloption|adx_pollplacement|adx_pollsubmission|adx_publishingstatetransitionrule|adx_redirect|adx_shortcut|adx_webpage|adx_website|contact|contoso_milestone|knowledgearticle|knowledgebaserecord" />
      <field displayname="Priority" name="prioritycode" type="optionsetvalue" />
      <field displayname="Activity Type" name="activitytypecode" type="string" />
      <field displayname="Actual End" name="actualend" type="datetime" />
      <field displayname="Actual Start" name="actualstart" type="datetime" />
      <field displayname="Activity Status" name="statecode" type="state" />
      <field displayname="Is Regular Activity" name="isregularactivity" type="bool" />
      <field displayname="Is Workflow Created" name="isworkflowcreated" type="bool" />
      <field displayname="Percent Complete" name="percentcomplete" type="number" />
      <field displayname="Scheduled Duration" name="scheduleddurationminutes" type="number" />
    </fields>
  </entity>
</entities>