{
  "namedEntities": [
    {
      "synonyms": [
        "Land"
      ],
      "id": "871b1b73-90ff-4a30-bcce-ba29922eb756",
      "displayName": "Soil",
      "createdTime": "2022-09-06T21:16:00.836944Z",
      "updatedTime": "2022-09-07T13:24:55.5616594Z",
      "createdUserId": "95a5c302-8829-442e-945a-b2b147f23960",
      "updatedUserId": "24c0ac71-1934-4161-ab26-eb2dd3af3f56"
    },
    {
      "synonyms": [
        "Lake",
        "River",
        "Marine",
        "Aquatic"
      ],
      "id": "34a8982e-c9c1-4dc3-a6f0-6d00a7b282cd",
      "displayName": "Water",
      "createdTime": "2022-09-06T21:16:00.836944Z",
      "updatedTime": "2022-09-07T13:24:55.5616594Z",
      "createdUserId": "95a5c302-8829-442e-945a-b2b147f23960",
      "updatedUserId": "24c0ac71-1934-4161-ab26-eb2dd3af3f56"
    },
    {
      "id": "5b5c426d-afec-4af2-8cd2-a6571dec4723",
      "displayName": "Air",
      "createdTime": "2022-09-06T21:16:00.836944Z",
      "updatedTime": "2022-09-07T13:24:55.5616594Z",
      "createdUserId": "95a5c302-8829-442e-945a-b2b147f23960",
      "updatedUserId": "24c0ac71-1934-4161-ab26-eb2dd3af3f56"
    }
  ],
  "closedListTypes": [
    {
      "namedEntities": [
        "871b1b73-90ff-4a30-bcce-ba29922eb756",
        "34a8982e-c9c1-4dc3-a6f0-6d00a7b282cd",
        "5b5c426d-afec-4af2-8cd2-a6571dec4723"
      ],
      "smartMatchingEnabled": true,
      "customTypeSchema": "ClosedList",
      "id": "new_customtype_c09c93238b934610b4894b6e86cb812d",
      "displayName": "Environment Categories",
      "description": "",
      "createdTime": "2022-09-06T21:16:00.836944Z",
      "updatedTime": "2022-09-07T13:24:55.5616594Z",
      "createdUserId": "95a5c302-8829-442e-945a-b2b147f23960",
      "updatedUserId": "24c0ac71-1934-4161-ab26-eb2dd3af3f56"
    }
  ]
}